example_id,view_id,label,domain,source_name,source_group,action_id,frames_dir,frame_count,fps,center_frame,auxiliary_label,fold
Top 10 FUNNIEST HANDBALLS In Football history! - Footy Plaza (720p) (1)_b8267ffe2f_ef31a3900a_f00002335,primary,1,native,Top 10 FUNNIEST HANDBALLS In Football history! - Footy Plaza (720p) (1)_b8267ffe2f.mp4,native::Top 10 FUNNIEST HANDBALLS In Football history! - Footy Plaza (720p) (1)_b8267ffe2f.mp4,,dataset/handball/Top 10 FUNNIEST HANDBALLS In Football history! - Footy Plaza (720p) (1)_b8267ffe2f_ef31a3900a_f00002335/frames,41,30.0,2335,,3
Top 10 FUNNIEST HANDBALLS In Football history! - Footy Plaza (720p) (1)_b8267ffe2f_ef31a3900a_f00003522,primary,1,native,Top 10 FUNNIEST HANDBALLS In Football history! - Footy Plaza (720p) (1)_b8267ffe2f.mp4,native::Top 10 FUNNIEST HANDBALLS In Football history! - Footy Plaza (720p) (1)_b8267ffe2f.mp4,,dataset/handball/Top 10 FUNNIEST HANDBALLS In Football history! - Footy Plaza (720p) (1)_b8267ffe2f_ef31a3900a_f00003522/frames,41,30.0,3522,,3
YTDown.com_YouTube_10-HANDBALL-GOALS-IN-FOOTBALL-HISTORY_Media_CHdcst_DEZM_001_720p_4604e10a58_71657d102d_f00000340,primary,1,native,YTDown.com_YouTube_10-HANDBALL-GOALS-IN-FOOTBALL-HISTORY_Media_CHdcst_DEZM_001_720p_4604e10a58.mp4,native::YTDown.com_YouTube_10-HANDBALL-GOALS-IN-FOOTBALL-HISTORY_Media_CHdcst_DEZM_001_720p_4604e10a58.mp4,,dataset/handball/YTDown.com_YouTube_10-HANDBALL-GOALS-IN-FOOTBALL-HISTORY_Media_CHdcst_DEZM_001_720p_4604e10a58_71657d102d_f00000340/frames,41,25.0,340,,2
YTDown.com_YouTube_10-HANDBALL-GOALS-IN-FOOTBALL-HISTORY_Media_CHdcst_DEZM_001_720p_4604e10a58_71657d102d_f00000380,primary,1,native,YTDown.com_YouTube_10-HANDBALL-GOALS-IN-FOOTBALL-HISTORY_Media_CHdcst_DEZM_001_720p_4604e10a58.mp4,native::YTDown.com_YouTube_10-HANDBALL-GOALS-IN-FOOTBALL-HISTORY_Media_CHdcst_DEZM_001_720p_4604e10a58.mp4,,dataset/handball/YTDown.com_YouTube_10-HANDBALL-GOALS-IN-FOOTBALL-HISTORY_Media_CHdcst_DEZM_001_720p_4604e10a58_71657d102d_f00000380/frames,41,25.0,380,,2
YTDown.com_YouTube_10-HANDBALL-GOALS-IN-FOOTBALL-HISTORY_Media_CHdcst_DEZM_001_720p_4604e10a58_71657d102d_f00000420,primary,1,native,YTDown.com_YouTube_10-HANDBALL-GOALS-IN-FOOTBALL-HISTORY_Media_CHdcst_DEZM_001_720p_4604e10a58.mp4,native::YTDown.com_YouTube_10-HANDBALL-GOALS-IN-FOOTBALL-HISTORY_Media_CHdcst_DEZM_001_720p_4604e10a58.mp4,,dataset/handball/YTDown.com_YouTube_10-HANDBALL-GOALS-IN-FOOTBALL-HISTORY_Media_CHdcst_DEZM_001_720p_4604e10a58_71657d102d_f00000420/frames,41,25.0,420,,2
YTDown.com_YouTube_10-HANDBALL-GOALS-IN-FOOTBALL-HISTORY_Media_CHdcst_DEZM_001_720p_4604e10a58_71657d102d_f00000460,primary,1,native,YTDown.com_YouTube_10-HANDBALL-GOALS-IN-FOOTBALL-HISTORY_Media_CHdcst_DEZM_001_720p_4604e10a58.mp4,native::YTDown.com_YouTube_10-HANDBALL-GOALS-IN-FOOTBALL-HISTORY_Media_CHdcst_DEZM_001_720p_4604e10a58.mp4,,dataset/handball/YTDown.com_YouTube_10-HANDBALL-GOALS-IN-FOOTBALL-HISTORY_Media_CHdcst_DEZM_001_720p_4604e10a58_71657d102d_f00000460/frames,41,25.0,460,,2
YTDown.com_YouTube_10-HANDBALL-GOALS-IN-FOOTBALL-HISTORY_Media_CHdcst_DEZM_001_720p_4604e10a58_71657d102d_f00000707,primary,1,native,YTDown.com_YouTube_10-HANDBALL-GOALS-IN-FOOTBALL-HISTORY_Media_CHdcst_DEZM_001_720p_4604e10a58.mp4,native::YTDown.com_YouTube_10-HANDBALL-GOALS-IN-FOOTBALL-HISTORY_Media_CHdcst_DEZM_001_720p_4604e10a58.mp4,,dataset/handball/YTDown.com_YouTube_10-HANDBALL-GOALS-IN-FOOTBALL-HISTORY_Media_CHdcst_DEZM_001_720p_4604e10a58_71657d102d_f00000707/frames,41,25.0,707,,2
YTDown.com_YouTube_10-HANDBALL-GOALS-IN-FOOTBALL-HISTORY_Media_CHdcst_DEZM_001_720p_4604e10a58_71657d102d_f00001150,primary,1,native,YTDown.com_YouTube_10-HANDBALL-GOALS-IN-FOOTBALL-HISTORY_Media_CHdcst_DEZM_001_720p_4604e10a58.mp4,native::YTDown.com_YouTube_10-HANDBALL-GOALS-IN-FOOTBALL-HISTORY_Media_CHdcst_DEZM_001_720p_4604e10a58.mp4,,dataset/handball/YTDown.com_YouTube_10-HANDBALL-GOALS-IN-FOOTBALL-HISTORY_Media_CHdcst_DEZM_001_720p_4604e10a58_71657d102d_f00001150/frames,41,25.0,1150,,2
YTDown.com_YouTube_10-HANDBALL-GOALS-IN-FOOTBALL-HISTORY_Media_CHdcst_DEZM_001_720p_4604e10a58_71657d102d_f00001686,primary,1,native,YTDown.com_YouTube_10-HANDBALL-GOALS-IN-FOOTBALL-HISTORY_Media_CHdcst_DEZM_001_720p_4604e10a58.mp4,native::YTDown.com_YouTube_10-HANDBALL-GOALS-IN-FOOTBALL-HISTORY_Media_CHdcst_DEZM_001_720p_4604e10a58.mp4,,dataset/handball/YTDown.com_YouTube_10-HANDBALL-GOALS-IN-FOOTBALL-HISTORY_Media_CHdcst_DEZM_001_720p_4604e10a58_71657d102d_f00001686/frames,41,25.0,1686,,2
YTDown.com_YouTube_10-HANDBALL-GOALS-IN-FOOTBALL-HISTORY_Media_CHdcst_DEZM_001_720p_4604e10a58_71657d102d_f00002818,primary,1,native,YTDown.com_YouTube_10-HANDBALL-GOALS-IN-FOOTBALL-HISTORY_Media_CHdcst_DEZM_001_720p_4604e10a58.mp4,native::YTDown.com_YouTube_10-HANDBALL-GOALS-IN-FOOTBALL-HISTORY_Media_CHdcst_DEZM_001_720p_4604e10a58.mp4,,dataset/handball/YTDown.com_YouTube_10-HANDBALL-GOALS-IN-FOOTBALL-HISTORY_Media_CHdcst_DEZM_001_720p_4604e10a58_71657d102d_f00002818/frames,41,25.0,2818,,2
YTDown.com_YouTube_10-HANDBALL-GOALS-IN-FOOTBALL-HISTORY_Media_CHdcst_DEZM_001_720p_4604e10a58_71657d102d_f00003562,primary,1,native,YTDown.com_YouTube_10-HANDBALL-GOALS-IN-FOOTBALL-HISTORY_Media_CHdcst_DEZM_001_720p_4604e10a58.mp4,native::YTDown.com_YouTube_10-HANDBALL-GOALS-IN-FOOTBALL-HISTORY_Media_CHdcst_DEZM_001_720p_4604e10a58.mp4,,dataset/handball/YTDown.com_YouTube_10-HANDBALL-GOALS-IN-FOOTBALL-HISTORY_Media_CHdcst_DEZM_001_720p_4604e10a58_71657d102d_f00003562/frames,41,25.0,3562,,2
YTDown.com_YouTube_25-Manos-Mas-Famosas-Del-Futbol-25-Famou_Media_Wa7Phu0LpY4_001_1080p (1)_c57d10e006_0930f82c39_f00005364,primary,1,native,YTDown.com_YouTube_25-Manos-Mas-Famosas-Del-Futbol-25-Famou_Media_Wa7Phu0LpY4_001_1080p (1)_c57d10e006.mp4,native::YTDown.com_YouTube_25-Manos-Mas-Famosas-Del-Futbol-25-Famou_Media_Wa7Phu0LpY4_001_1080p (1)_c57d10e006.mp4,,dataset/handball/YTDown.com_YouTube_25-Manos-Mas-Famosas-Del-Futbol-25-Famou_Media_Wa7Phu0LpY4_001_1080p (1)_c57d10e006_0930f82c39_f00005364/frames,41,59.94005994005994,5364,,0
YTDown.com_YouTube_25-Manos-Mas-Famosas-Del-Futbol-25-Famou_Media_Wa7Phu0LpY4_001_1080p (1)_c57d10e006_0930f82c39_f00006145,primary,1,native,YTDown.com_YouTube_25-Manos-Mas-Famosas-Del-Futbol-25-Famou_Media_Wa7Phu0LpY4_001_1080p (1)_c57d10e006.mp4,native::YTDown.com_YouTube_25-Manos-Mas-Famosas-Del-Futbol-25-Famou_Media_Wa7Phu0LpY4_001_1080p (1)_c57d10e006.mp4,,dataset/handball/YTDown.com_YouTube_25-Manos-Mas-Famosas-Del-Futbol-25-Famou_Media_Wa7Phu0LpY4_001_1080p (1)_c57d10e006_0930f82c39_f00006145/frames,41,59.94005994005994,6145,,0
YTDown.com_YouTube_25-Manos-Mas-Famosas-Del-Futbol-25-Famou_Media_Wa7Phu0LpY4_001_1080p (1)_c57d10e006_0930f82c39_f00006417,primary,1,native,YTDown.com_YouTube_25-Manos-Mas-Famosas-Del-Futbol-25-Famou_Media_Wa7Phu0LpY4_001_1080p (1)_c57d10e006.mp4,native::YTDown.com_YouTube_25-Manos-Mas-Famosas-Del-Futbol-25-Famou_Media_Wa7Phu0LpY4_001_1080p (1)_c57d10e006.mp4,,dataset/handball/YTDown.com_YouTube_25-Manos-Mas-Famosas-Del-Futbol-25-Famou_Media_Wa7Phu0LpY4_001_1080p (1)_c57d10e006_0930f82c39_f00006417/frames,41,59.94005994005994,6417,,0
YTDown.com_YouTube_25-Manos-Mas-Famosas-Del-Futbol-25-Famou_Media_Wa7Phu0LpY4_001_1080p (1)_c57d10e006_0930f82c39_f00008453,primary,1,native,YTDown.com_YouTube_25-Manos-Mas-Famosas-Del-Futbol-25-Famou_Media_Wa7Phu0LpY4_001_1080p (1)_c57d10e006.mp4,native::YTDown.com_YouTube_25-Manos-Mas-Famosas-Del-Futbol-25-Famou_Media_Wa7Phu0LpY4_001_1080p (1)_c57d10e006.mp4,,dataset/handball/YTDown.com_YouTube_25-Manos-Mas-Famosas-Del-Futbol-25-Famou_Media_Wa7Phu0LpY4_001_1080p (1)_c57d10e006_0930f82c39_f00008453/frames,41,59.94005994005994,8453,,0
YTDown.com_YouTube_25-Manos-Mas-Famosas-Del-Futbol-25-Famou_Media_Wa7Phu0LpY4_001_1080p (1)_c57d10e006_0930f82c39_f00010345,primary,1,native,YTDown.com_YouTube_25-Manos-Mas-Famosas-Del-Futbol-25-Famou_Media_Wa7Phu0LpY4_001_1080p (1)_c57d10e006.mp4,native::YTDown.com_YouTube_25-Manos-Mas-Famosas-Del-Futbol-25-Famou_Media_Wa7Phu0LpY4_001_1080p (1)_c57d10e006.mp4,,dataset/handball/YTDown.com_YouTube_25-Manos-Mas-Famosas-Del-Futbol-25-Famou_Media_Wa7Phu0LpY4_001_1080p (1)_c57d10e006_0930f82c39_f00010345/frames,41,59.94005994005994,10345,,0
YTDown.com_YouTube_25-Manos-Mas-Famosas-Del-Futbol-25-Famou_Media_Wa7Phu0LpY4_001_1080p (1)_c57d10e006_0930f82c39_f00014365,primary,1,native,YTDown.com_YouTube_25-Manos-Mas-Famosas-Del-Futbol-25-Famou_Media_Wa7Phu0LpY4_001_1080p (1)_c57d10e006.mp4,native::YTDown.com_YouTube_25-Manos-Mas-Famosas-Del-Futbol-25-Famou_Media_Wa7Phu0LpY4_001_1080p (1)_c57d10e006.mp4,,dataset/handball/YTDown.com_YouTube_25-Manos-Mas-Famosas-Del-Futbol-25-Famou_Media_Wa7Phu0LpY4_001_1080p (1)_c57d10e006_0930f82c39_f00014365/frames,41,59.94005994005994,14365,,0
YTDown.com_YouTube_25-Manos-Mas-Famosas-Del-Futbol-25-Famou_Media_Wa7Phu0LpY4_001_1080p (1)_c57d10e006_0930f82c39_f00014535,primary,1,native,YTDown.com_YouTube_25-Manos-Mas-Famosas-Del-Futbol-25-Famou_Media_Wa7Phu0LpY4_001_1080p (1)_c57d10e006.mp4,native::YTDown.com_YouTube_25-Manos-Mas-Famosas-Del-Futbol-25-Famou_Media_Wa7Phu0LpY4_001_1080p (1)_c57d10e006.mp4,,dataset/handball/YTDown.com_YouTube_25-Manos-Mas-Famosas-Del-Futbol-25-Famou_Media_Wa7Phu0LpY4_001_1080p (1)_c57d10e006_0930f82c39_f00014535/frames,41,59.94005994005994,14535,,0
YTDown.com_YouTube_25-Manos-Mas-Famosas-Del-Futbol-25-Famou_Media_Wa7Phu0LpY4_001_1080p (1)_c57d10e006_0930f82c39_f00014634,primary,1,native,YTDown.com_YouTube_25-Manos-Mas-Famosas-Del-Futbol-25-Famou_Media_Wa7Phu0LpY4_001_1080p (1)_c57d10e006.mp4,native::YTDown.com_YouTube_25-Manos-Mas-Famosas-Del-Futbol-25-Famou_Media_Wa7Phu0LpY4_001_1080p (1)_c57d10e006.mp4,,dataset/handball/YTDown.com_YouTube_25-Manos-Mas-Famosas-Del-Futbol-25-Famou_Media_Wa7Phu0LpY4_001_1080p (1)_c57d10e006_0930f82c39_f00014634/frames,41,59.94005994005994,14634,,0
YTDown.com_YouTube_25-Manos-Mas-Famosas-Del-Futbol-25-Famou_Media_Wa7Phu0LpY4_001_1080p (1)_c57d10e006_0930f82c39_f00014733,primary,1,native,YTDown.com_YouTube_25-Manos-Mas-Famosas-Del-Futbol-25-Famou_Media_Wa7Phu0LpY4_001_1080p (1)_c57d10e006.mp4,native::YTDown.com_YouTube_25-Manos-Mas-Famosas-Del-Futbol-25-Famou_Media_Wa7Phu0LpY4_001_1080p (1)_c57d10e006.mp4,,dataset/handball/YTDown.com_YouTube_25-Manos-Mas-Famosas-Del-Futbol-25-Famou_Media_Wa7Phu0LpY4_001_1080p (1)_c57d10e006_0930f82c39_f00014733/frames,41,59.94005994005994,14733,,0
YTDown.com_YouTube_25-Manos-Mas-Famosas-Del-Futbol-25-Famou_Media_Wa7Phu0LpY4_001_1080p (1)_c57d10e006_0930f82c39_f00016114,primary,1,native,YTDown.com_YouTube_25-Manos-Mas-Famosas-Del-Futbol-25-Famou_Media_Wa7Phu0LpY4_001_1080p (1)_c57d10e006.mp4,native::YTDown.com_YouTube_25-Manos-Mas-Famosas-Del-Futbol-25-Famou_Media_Wa7Phu0LpY4_001_1080p (1)_c57d10e006.mp4,,dataset/handball/YTDown.com_YouTube_25-Manos-Mas-Famosas-Del-Futbol-25-Famou_Media_Wa7Phu0LpY4_001_1080p (1)_c57d10e006_0930f82c39_f00016114/frames,41,59.94005994005994,16114,,0
YTDown.com_YouTube_25-Manos-Mas-Famosas-Del-Futbol-25-Famou_Media_Wa7Phu0LpY4_001_1080p (1)_c57d10e006_0930f82c39_f00016315,primary,1,native,YTDown.com_YouTube_25-Manos-Mas-Famosas-Del-Futbol-25-Famou_Media_Wa7Phu0LpY4_001_1080p (1)_c57d10e006.mp4,native::YTDown.com_YouTube_25-Manos-Mas-Famosas-Del-Futbol-25-Famou_Media_Wa7Phu0LpY4_001_1080p (1)_c57d10e006.mp4,,dataset/handball/YTDown.com_YouTube_25-Manos-Mas-Famosas-Del-Futbol-25-Famou_Media_Wa7Phu0LpY4_001_1080p (1)_c57d10e006_0930f82c39_f00016315/frames,41,59.94005994005994,16315,,0
YTDown.com_YouTube_25-Manos-Mas-Famosas-Del-Futbol-25-Famou_Media_Wa7Phu0LpY4_001_1080p (1)_c57d10e006_0930f82c39_f00016355,primary,1,native,YTDown.com_YouTube_25-Manos-Mas-Famosas-Del-Futbol-25-Famou_Media_Wa7Phu0LpY4_001_1080p (1)_c57d10e006.mp4,native::YTDown.com_YouTube_25-Manos-Mas-Famosas-Del-Futbol-25-Famou_Media_Wa7Phu0LpY4_001_1080p (1)_c57d10e006.mp4,,dataset/handball/YTDown.com_YouTube_25-Manos-Mas-Famosas-Del-Futbol-25-Famou_Media_Wa7Phu0LpY4_001_1080p (1)_c57d10e006_0930f82c39_f00016355/frames,41,59.94005994005994,16355,,0
YTDown.com_YouTube_25-Manos-Mas-Famosas-Del-Futbol-25-Famou_Media_Wa7Phu0LpY4_001_1080p (1)_c57d10e006_0930f82c39_f00016495,primary,1,native,YTDown.com_YouTube_25-Manos-Mas-Famosas-Del-Futbol-25-Famou_Media_Wa7Phu0LpY4_001_1080p (1)_c57d10e006.mp4,native::YTDown.com_YouTube_25-Manos-Mas-Famosas-Del-Futbol-25-Famou_Media_Wa7Phu0LpY4_001_1080p (1)_c57d10e006.mp4,,dataset/handball/YTDown.com_YouTube_25-Manos-Mas-Famosas-Del-Futbol-25-Famou_Media_Wa7Phu0LpY4_001_1080p (1)_c57d10e006_0930f82c39_f00016495/frames,41,59.94005994005994,16495,,0
YTDown.com_YouTube_Top-10-Handball-Red-Cards_Media_YS2SZiGn8Uc_001_720p_db9f043cad_c4371e809a_f00005496,primary,1,native,YTDown.com_YouTube_Top-10-Handball-Red-Cards_Media_YS2SZiGn8Uc_001_720p_db9f043cad.mp4,native::YTDown.com_YouTube_Top-10-Handball-Red-Cards_Media_YS2SZiGn8Uc_001_720p_db9f043cad.mp4,,dataset/handball/YTDown.com_YouTube_Top-10-Handball-Red-Cards_Media_YS2SZiGn8Uc_001_720p_db9f043cad_c4371e809a_f00005496/frames,41,25.0,5496,,3
YTDown.com_YouTube_Top-10-Handball-Red-Cards_Media_YS2SZiGn8Uc_001_720p_db9f043cad_c4371e809a_f00006647,primary,1,native,YTDown.com_YouTube_Top-10-Handball-Red-Cards_Media_YS2SZiGn8Uc_001_720p_db9f043cad.mp4,native::YTDown.com_YouTube_Top-10-Handball-Red-Cards_Media_YS2SZiGn8Uc_001_720p_db9f043cad.mp4,,dataset/handball/YTDown.com_YouTube_Top-10-Handball-Red-Cards_Media_YS2SZiGn8Uc_001_720p_db9f043cad_c4371e809a_f00006647/frames,41,25.0,6647,,3
hb_15_ Spain v Russia _ 2018 FIFA World Cup _ Match Highlights_7791349a30_c00955b4ac_f00000535,primary,1,native,hb_15_ Spain v Russia _ 2018 FIFA World Cup _ Match Highlights_7791349a30.mp4,native::hb_15_ Spain v Russia _ 2018 FIFA World Cup _ Match Highlights_7791349a30.mp4,,dataset/handball/hb_15_ Spain v Russia _ 2018 FIFA World Cup _ Match Highlights_7791349a30_c00955b4ac_f00000535/frames,41,50.0,535,,1
hb_16_ 15-Minute Match_ France vs Croatia _ 2018 FIFA World Cup FINAL_82bd97623e_598f3cf0c2_f00000037_manual,primary,1,native,hb_16_ 15-Minute Match_ France vs Croatia _ 2018 FIFA World Cup FINAL_82bd97623e.mp4,native::hb_16_ 15-Minute Match_ France vs Croatia _ 2018 FIFA World Cup FINAL_82bd97623e.mp4,,dataset/handball/hb_16_ 15-Minute Match_ France vs Croatia _ 2018 FIFA World Cup FINAL_82bd97623e_598f3cf0c2_f00000037_manual/frames,41,25.0,37,,1
hb_17_ FULL MATCH_ Colombia v Japan _ Group Stage _ 2018 FIFA WORLD CUP RUSSIA_3b1598ce10_b2045e7d95_f00000105,primary,1,native,hb_17_ FULL MATCH_ Colombia v Japan _ Group Stage _ 2018 FIFA WORLD CUP RUSSIA_3b1598ce10.mp4,native::hb_17_ FULL MATCH_ Colombia v Japan _ Group Stage _ 2018 FIFA WORLD CUP RUSSIA_3b1598ce10.mp4,,dataset/handball/hb_17_ FULL MATCH_ Colombia v Japan _ Group Stage _ 2018 FIFA WORLD CUP RUSSIA_3b1598ce10_b2045e7d95_f00000105/frames,41,30.0,105,,2
hb_19_ Legendary Red Cards in Football_02617afc86_9b1e6e9826_f00000076_manual,primary,1,native,hb_19_ Legendary Red Cards in Football_02617afc86.mp4,native::hb_19_ Legendary Red Cards in Football_02617afc86.mp4,,dataset/handball/hb_19_ Legendary Red Cards in Football_02617afc86_9b1e6e9826_f00000076_manual/frames,41,30.0,76,,1
hb_20_ FIFA World Cup 2026™ - Spain v Argentina_ Final _ SBS On Demand - Google Chrome 2026-07-20 23-02-45 - Trim_b681037678_82e61cc8b9_f00000596_manual,primary,1,native,hb_20_ FIFA World Cup 2026™ - Spain v Argentina_ Final _ SBS On Demand - Google Chrome 2026-07-20 23-02-45 - Trim_b681037678.mp4,native::hb_20_ FIFA World Cup 2026™ - Spain v Argentina_ Final _ SBS On Demand - Google Chrome 2026-07-20 23-02-45 - Trim_b681037678.mp4,,dataset/handball/hb_20_ FIFA World Cup 2026™ - Spain v Argentina_ Final _ SBS On Demand - Google Chrome 2026-07-20 23-02-45 - Trim_b681037678_82e61cc8b9_f00000596_manual/frames,41,30.077567428763704,596,,1
hb_21_ Unforgettable RED CARDS in Football History_c384a1d83d_12e822390b_f00000458_manual,primary,1,native,hb_21_ Unforgettable RED CARDS in Football History_c384a1d83d.mp4,native::hb_21_ Unforgettable RED CARDS in Football History_c384a1d83d.mp4,,dataset/handball/hb_21_ Unforgettable RED CARDS in Football History_c384a1d83d_12e822390b_f00000458_manual/frames,41,60.0,458,,4
hb_23_ Drama in the Canadian Classique! Handball Goals_! & Razor-Thin Offside Calls _ Instant Replay_c816f9cd7c_2e08f19077_f00000772,primary,1,native,hb_23_ Drama in the Canadian Classique! Handball Goals_! & Razor-Thin Offside Calls _ Instant Replay_c816f9cd7c.mp4,native::hb_23_ Drama in the Canadian Classique! Handball Goals_! & Razor-Thin Offside Calls _ Instant Replay_c816f9cd7c.mp4,,dataset/handball/hb_23_ Drama in the Canadian Classique! Handball Goals_! & Razor-Thin Offside Calls _ Instant Replay_c816f9cd7c_2e08f19077_f00000772/frames,41,29.97002997002997,772,,1
hb_24_ Miami & Orlando Handball Calls That Changed the Playoff Picture!_8242eb438e_aed467df8a_f00000351,primary,1,native,hb_24_ Miami & Orlando Handball Calls That Changed the Playoff Picture!_8242eb438e.mp4,native::hb_24_ Miami & Orlando Handball Calls That Changed the Playoff Picture!_8242eb438e.mp4,,dataset/handball/hb_24_ Miami & Orlando Handball Calls That Changed the Playoff Picture!_8242eb438e_aed467df8a_f00000351/frames,41,59.94005994005994,351,,3
hb_25_ Miami & Orlando Handball Calls That Changed the Playoff Picture!_7853867fee_4529a4b3eb_f00000192,primary,1,native,hb_25_ Miami & Orlando Handball Calls That Changed the Playoff Picture!_7853867fee.mp4,native::hb_25_ Miami & Orlando Handball Calls That Changed the Playoff Picture!_7853867fee.mp4,,dataset/handball/hb_25_ Miami & Orlando Handball Calls That Changed the Playoff Picture!_7853867fee_4529a4b3eb_f00000192/frames,41,59.94005994005994,192,,3
hb_27_ Hand Balls & Head Butts - Instant Replay_a6b14aff2a_e2a5aa119b_f00000241,primary,1,native,hb_27_ Hand Balls & Head Butts - Instant Replay_a6b14aff2a.mp4,native::hb_27_ Hand Balls & Head Butts - Instant Replay_a6b14aff2a.mp4,,dataset/handball/hb_27_ Hand Balls & Head Butts - Instant Replay_a6b14aff2a_e2a5aa119b_f00000241/frames,41,23.976023976023978,241,,2
hb_28_ Hand Balls & Head Butts - Instant Replay_59efdbaa3c_8d357da3d4_f00000076_manual,primary,1,native,hb_28_ Hand Balls & Head Butts - Instant Replay_59efdbaa3c.mp4,native::hb_28_ Hand Balls & Head Butts - Instant Replay_59efdbaa3c.mp4,,dataset/handball/hb_28_ Hand Balls & Head Butts - Instant Replay_59efdbaa3c_8d357da3d4_f00000076_manual/frames,41,23.976023976023978,76,,0
hb_29_ INSTANT REPLAY_ That handball in Dallas & Cahill’s potential red card vs. KC_652bb4c0c4_44f583fd1d_f00000066,primary,1,native,hb_29_ INSTANT REPLAY_ That handball in Dallas & Cahill’s potential red card vs. KC_652bb4c0c4.mp4,native::hb_29_ INSTANT REPLAY_ That handball in Dallas & Cahill’s potential red card vs. KC_652bb4c0c4.mp4,,dataset/handball/hb_29_ INSTANT REPLAY_ That handball in Dallas & Cahill’s potential red card vs. KC_652bb4c0c4_44f583fd1d_f00000066/frames,41,29.97002997002997,66,,4
hb_29_ INSTANT REPLAY_ That handball in Dallas & Cahill’s potential red card vs. KC_652bb4c0c4_44f583fd1d_f00000253,primary,1,native,hb_29_ INSTANT REPLAY_ That handball in Dallas & Cahill’s potential red card vs. KC_652bb4c0c4.mp4,native::hb_29_ INSTANT REPLAY_ That handball in Dallas & Cahill’s potential red card vs. KC_652bb4c0c4.mp4,,dataset/handball/hb_29_ INSTANT REPLAY_ That handball in Dallas & Cahill’s potential red card vs. KC_652bb4c0c4_44f583fd1d_f00000253/frames,41,29.97002997002997,253,,4
hb_31_ Inter Miami CF vs. Philadelphia Union _ Full Match Highlights _ Highest Scoring First Half EVER!_4659c631e3_5c93120ea5_f00000212_manual,primary,1,native,hb_31_ Inter Miami CF vs. Philadelphia Union _ Full Match Highlights _ Highest Scoring First Half EVER!_4659c631e3.mp4,native::hb_31_ Inter Miami CF vs. Philadelphia Union _ Full Match Highlights _ Highest Scoring First Half EVER!_4659c631e3.mp4,,dataset/handball/hb_31_ Inter Miami CF vs. Philadelphia Union _ Full Match Highlights _ Highest Scoring First Half EVER!_4659c631e3_5c93120ea5_f00000212_manual/frames,41,59.94005994005994,212,,2
hb_32_ WHAAAT_! THE CRAZIEST PENALTIES IN BUNDESLIGA HISTORY_ 🤯_dd18ee6f4a_61563d147d_f00000303,primary,1,native,hb_32_ WHAAAT_! THE CRAZIEST PENALTIES IN BUNDESLIGA HISTORY_ 🤯_dd18ee6f4a.mp4,native::hb_32_ WHAAAT_! THE CRAZIEST PENALTIES IN BUNDESLIGA HISTORY_ 🤯_dd18ee6f4a.mp4,,dataset/handball/hb_32_ WHAAAT_! THE CRAZIEST PENALTIES IN BUNDESLIGA HISTORY_ 🤯_dd18ee6f4a_61563d147d_f00000303/frames,41,25.0,303,,3
hb_33_ Laws of the Game 21⧸22 - Law 12 Fouls and Misconduct - Handball (1)_09f70dc816_c3a819fca3_f00000330,primary,1,native,hb_33_ Laws of the Game 21⧸22 - Law 12 Fouls and Misconduct - Handball (1)_09f70dc816.mp4,native::hb_33_ Laws of the Game 21⧸22 - Law 12 Fouls and Misconduct - Handball (1)_09f70dc816.mp4,,dataset/handball/hb_33_ Laws of the Game 21⧸22 - Law 12 Fouls and Misconduct - Handball (1)_09f70dc816_c3a819fca3_f00000330/frames,41,30.0,330,,3
hb_40_ Laws of the Game 21⧸22 - Laws 12 Fouls and Misconduct Handball_a4431732b4_b404c755f7_f00000340,primary,1,native,hb_40_ Laws of the Game 21⧸22 - Laws 12 Fouls and Misconduct Handball_a4431732b4.mp4,native::hb_40_ Laws of the Game 21⧸22 - Laws 12 Fouls and Misconduct Handball_a4431732b4.mp4,,dataset/handball/hb_40_ Laws of the Game 21⧸22 - Laws 12 Fouls and Misconduct Handball_a4431732b4_b404c755f7_f00000340/frames,41,30.0,340,,3
hb_41_ Late handball leads to Raphinha's winning penalty _ Premier League _ NBC Sports_eb5c570a22_4fd4dd53fe_f00000139,primary,1,native,hb_41_ Late handball leads to Raphinha's winning penalty _ Premier League _ NBC Sports_eb5c570a22.mp4,native::hb_41_ Late handball leads to Raphinha's winning penalty _ Premier League _ NBC Sports_eb5c570a22.mp4,,dataset/handball/hb_41_ Late handball leads to Raphinha's winning penalty _ Premier League _ NBC Sports_eb5c570a22_4fd4dd53fe_f00000139/frames,41,29.97002997002997,139,,4
hb_42_ Callum Wilson penalty rescueLeagueNBC_8c25f659ac_87588c1710_f00000093,primary,1,native,hb_42_ Callum Wilson penalty rescueLeagueNBC_8c25f659ac.mp4,native::hb_42_ Callum Wilson penalty rescueLeagueNBC_8c25f659ac.mp4,,dataset/handball/hb_42_ Callum Wilson penalty rescueLeagueNBC_8c25f659ac_87588c1710_f00000093/frames,41,29.97002997002997,93,,1
hb_43_ Harry Kane goal disallowed for handball during Spurs v. Sheffield Utd _ Premier LSports_a6b993fbaf_2ef8569fc2_f00000434,primary,1,native,hb_43_ Harry Kane goal disallowed for handball during Spurs v. Sheffield Utd _ Premier LSports_a6b993fbaf.mp4,native::hb_43_ Harry Kane goal disallowed for handball during Spurs v. Sheffield Utd _ Premier LSports_a6b993fbaf.mp4,,dataset/handball/hb_43_ Harry Kane goal disallowed for handball during Spurs v. Sheffield Utd _ Premier LSports_a6b993fbaf_2ef8569fc2_f00000434/frames,41,29.97002997002997,434,,4
hb_45_ Manuel Lanzini scores from the spot after Crystal Palace handball _ Premier League _ NBC Sports_567e16be12_43a2803912_f00000828,primary,1,native,hb_45_ Manuel Lanzini scores from the spot after Crystal Palace handball _ Premier League _ NBC Sports_567e16be12.mp4,native::hb_45_ Manuel Lanzini scores from the spot after Crystal Palace handball _ Premier League _ NBC Sports_567e16be12.mp4,,dataset/handball/hb_45_ Manuel Lanzini scores from the spot after Crystal Palace handball _ Premier League _ NBC Sports_567e16be12_43a2803912_f00000828/frames,41,29.97002997002997,828,,2
hb_46_ Why Reece James' handball was a clear red card _ Premier League _ NBC Sports_cca4a58503_24eb2411b1_f00000157,primary,1,native,hb_46_ Why Reece James' handball was a clear red card _ Premier League _ NBC Sports_cca4a58503.mp4,native::hb_46_ Why Reece James' handball was a clear red card _ Premier League _ NBC Sports_cca4a58503.mp4,,dataset/handball/hb_46_ Why Reece James' handball was a clear red card _ Premier League _ NBC Sports_cca4a58503_24eb2411b1_f00000157/frames,41,25.0,157,,3
hb_46_ Why Reece James' handball was a clear red card _ Premier League _ NBC Sports_cca4a58503_24eb2411b1_f00000417,primary,1,native,hb_46_ Why Reece James' handball was a clear red card _ Premier League _ NBC Sports_cca4a58503.mp4,native::hb_46_ Why Reece James' handball was a clear red card _ Premier League _ NBC Sports_cca4a58503.mp4,,dataset/handball/hb_46_ Why Reece James' handball was a clear red card _ Premier League _ NBC Sports_cca4a58503_24eb2411b1_f00000417/frames,41,25.0,417,,3
hb_47_ James Milner's penalty brings Brighton level against Manchester City _ Premier League _ NBC Sports_d456526330_bc93a72695_f00000116_manual,primary,1,native,hb_47_ James Milner's penalty brings Brighton level against Manchester City _ Premier League _ NBC Sports_d456526330.mp4,native::hb_47_ James Milner's penalty brings Brighton level against Manchester City _ Premier League _ NBC Sports_d456526330.mp4,,dataset/handball/hb_47_ James Milner's penalty brings Brighton level against Manchester City _ Premier League _ NBC Sports_d456526330_bc93a72695_f00000116_manual/frames,41,29.97002997002997,116,,4
hb_48_ Lukas Nmecha's penalty kick gives Leeds United late lead over Everton _ Premier League _ NBC Sports_9e66b41461_824a9d41ee_f00000152_manual,primary,1,native,hb_48_ Lukas Nmecha's penalty kick gives Leeds United late lead over Everton _ Premier League _ NBC Sports_9e66b41461.mp4,native::hb_48_ Lukas Nmecha's penalty kick gives Leeds United late lead over Everton _ Premier League _ NBC Sports_9e66b41461.mp4,,dataset/handball/hb_48_ Lukas Nmecha's penalty kick gives Leeds United late lead over Everton _ Premier League _ NBC Sports_9e66b41461_824a9d41ee_f00000152_manual/frames,41,29.97002997002997,152,,1
hb_49_ Alexander Isak's penalty brings Newcastle level at 1-1 with Brighton _ Premier League _ NBC Sports_12ee286182_62ab40447e_f00000104,primary,1,native,hb_49_ Alexander Isak's penalty brings Newcastle level at 1-1 with Brighton _ Premier League _ NBC Sports_12ee286182.mp4,native::hb_49_ Alexander Isak's penalty brings Newcastle level at 1-1 with Brighton _ Premier League _ NBC Sports_12ee286182.mp4,,dataset/handball/hb_49_ Alexander Isak's penalty brings Newcastle level at 1-1 with Brighton _ Premier League _ NBC Sports_12ee286182_62ab40447e_f00000104/frames,41,29.97002997002997,104,,4
hb_4_ Netherlands v Argentina _ 2022 FIFA World Cup_d066168109_7930261d50_f00000037,primary,1,native,hb_4_ Netherlands v Argentina _ 2022 FIFA World Cup_d066168109.mp4,native::hb_4_ Netherlands v Argentina _ 2022 FIFA World Cup_d066168109.mp4,,dataset/handball/hb_4_ Netherlands v Argentina _ 2022 FIFA World Cup_d066168109_7930261d50_f00000037/frames,41,30.0,37,,4
hb_50_ Viktor Gyokeres' penalty brings Arsenal level with Bournemouth _ Premier League _ NBC Sports_b014995853_3cab58e2cc_f00000133,primary,1,native,hb_50_ Viktor Gyokeres' penalty brings Arsenal level with Bournemouth _ Premier League _ NBC Sports_b014995853.mp4,native::hb_50_ Viktor Gyokeres' penalty brings Arsenal level with Bournemouth _ Premier League _ NBC Sports_b014995853.mp4,,dataset/handball/hb_50_ Viktor Gyokeres' penalty brings Arsenal level with Bournemouth _ Premier League _ NBC Sports_b014995853_3cab58e2cc_f00000133/frames,41,29.97002997002997,133,,0
hb_51_ Anthony Gordon's penalty doubles Newcastle's lead over Burnley _ Premier League _ NBC Sports_fd41cb7d83_bcc012d8a4_f00000671,primary,1,native,hb_51_ Anthony Gordon's penalty doubles Newcastle's lead over Burnley _ Premier League _ NBC Sports_fd41cb7d83.mp4,native::hb_51_ Anthony Gordon's penalty doubles Newcastle's lead over Burnley _ Premier League _ NBC Sports_fd41cb7d83.mp4,,dataset/handball/hb_51_ Anthony Gordon's penalty doubles Newcastle's lead over Burnley _ Premier League _ NBC Sports_fd41cb7d83_bcc012d8a4_f00000671/frames,41,29.97002997002997,671,,1
hb_51_ Anthony Gordon's penalty doubles Newcastle's lead over Burnley _ Premier League _ NBC Sports_fd41cb7d83_bcc012d8a4_f00000933,primary,1,native,hb_51_ Anthony Gordon's penalty doubles Newcastle's lead over Burnley _ Premier League _ NBC Sports_fd41cb7d83.mp4,native::hb_51_ Anthony Gordon's penalty doubles Newcastle's lead over Burnley _ Premier League _ NBC Sports_fd41cb7d83.mp4,,dataset/handball/hb_51_ Anthony Gordon's penalty doubles Newcastle's lead over Burnley _ Premier League _ NBC Sports_fd41cb7d83_bcc012d8a4_f00000933/frames,41,29.97002997002997,933,,1
hb_52_ Marcus Tavernier's penalty gives Bournemouth life against West Ham _ Premier League _ NBC Sports_3caa2cc72c_3cdffaecad_f00000234_manual,primary,1,native,hb_52_ Marcus Tavernier's penalty gives Bournemouth life against West Ham _ Premier League _ NBC Sports_3caa2cc72c.mp4,native::hb_52_ Marcus Tavernier's penalty gives Bournemouth life against West Ham _ Premier League _ NBC Sports_3caa2cc72c.mp4,,dataset/handball/hb_52_ Marcus Tavernier's penalty gives Bournemouth life against West Ham _ Premier League _ NBC Sports_3caa2cc72c_3cdffaecad_f00000234_manual/frames,41,29.97002997002997,234,,4
hb_53_ Víctor Camarasa hits top corner with penalty kick _ Premier League _ NBC Sports_7739e4b710_1436e3bdbd_f00000716,primary,1,native,hb_53_ Víctor Camarasa hits top corner with penalty kick _ Premier League _ NBC Sports_7739e4b710.mp4,native::hb_53_ Víctor Camarasa hits top corner with penalty kick _ Premier League _ NBC Sports_7739e4b710.mp4,,dataset/handball/hb_53_ Víctor Camarasa hits top corner with penalty kick _ Premier League _ NBC Sports_7739e4b710_1436e3bdbd_f00000716/frames,41,29.97002997002997,716,,2
"hb_54_ NYCFC See's Another Red Card, Was it a handball in New York__268a50ada3_5e6999646c_f00000204_manual",primary,1,native,"hb_54_ NYCFC See's Another Red Card, Was it a handball in New York__268a50ada3.mp4","native::hb_54_ NYCFC See's Another Red Card, Was it a handball in New York__268a50ada3.mp4",,"dataset/handball/hb_54_ NYCFC See's Another Red Card, Was it a handball in New York__268a50ada3_5e6999646c_f00000204_manual/frames",41,29.97002997002997,204,,4
"hb_55_ INSTANT REPLAY_ Handballs galore, RBNY's penalty shout in Seattle and a kick out at RFK_d7d51b168d_e55403773f_f00000558_manual",primary,1,native,"hb_55_ INSTANT REPLAY_ Handballs galore, RBNY's penalty shout in Seattle and a kick out at RFK_d7d51b168d.mp4","native::hb_55_ INSTANT REPLAY_ Handballs galore, RBNY's penalty shout in Seattle and a kick out at RFK_d7d51b168d.mp4",,"dataset/handball/hb_55_ INSTANT REPLAY_ Handballs galore, RBNY's penalty shout in Seattle and a kick out at RFK_d7d51b168d_e55403773f_f00000558_manual/frames",41,29.97002997002997,558,,4
hb_57_ LA Galaxy v Real Salt Lake (5_03) - Handball_7322ed6d8d_7b3f6270f1_f00000358_manual,primary,1,native,hb_57_ LA Galaxy v Real Salt Lake (5_03) - Handball_7322ed6d8d.mp4,native::hb_57_ LA Galaxy v Real Salt Lake (5_03) - Handball_7322ed6d8d.mp4,,dataset/handball/hb_57_ LA Galaxy v Real Salt Lake (5_03) - Handball_7322ed6d8d_7b3f6270f1_f00000358_manual/frames,41,29.97002997002997,358,,2
hb_58_ New York City v Houston Dynamo (44_04) - Handball_d5aff45f5a_039d53e2c1_f00000640_manual,primary,1,native,hb_58_ New York City v Houston Dynamo (44_04) - Handball_d5aff45f5a.mp4,native::hb_58_ New York City v Houston Dynamo (44_04) - Handball_d5aff45f5a.mp4,,dataset/handball/hb_58_ New York City v Houston Dynamo (44_04) - Handball_d5aff45f5a_039d53e2c1_f00000640_manual/frames,41,29.97002997002997,640,,0
hb_59_ Montreal Impact v Columbus Crew (83.13) - handba_b0b7393e39_31d551e71b_f00001145,primary,1,native,hb_59_ Montreal Impact v Columbus Crew (83.13) - handba_b0b7393e39.mp4,native::hb_59_ Montreal Impact v Columbus Crew (83.13) - handba_b0b7393e39.mp4,,dataset/handball/hb_59_ Montreal Impact v Columbus Crew (83.13) - handba_b0b7393e39_31d551e71b_f00001145/frames,41,30.0,1145,,4
hb_59_ New York City v Houston Dynamo (44_04) - Handball_7e81b69bde_a11543279c_f00000641_manual,primary,1,native,hb_59_ New York City v Houston Dynamo (44_04) - Handball_7e81b69bde.mp4,native::hb_59_ New York City v Houston Dynamo (44_04) - Handball_7e81b69bde.mp4,,dataset/handball/hb_59_ New York City v Houston Dynamo (44_04) - Handball_7e81b69bde_a11543279c_f00000641_manual/frames,41,29.97002997002997,641,,4
hb_60_ Toronto FC v Minnesota United (60.49) - handball_11e3bf7d3b_0115fc9129_f00001354_manual,primary,1,native,hb_60_ Toronto FC v Minnesota United (60.49) - handball_11e3bf7d3b.mp4,native::hb_60_ Toronto FC v Minnesota United (60.49) - handball_11e3bf7d3b.mp4,,dataset/handball/hb_60_ Toronto FC v Minnesota United (60.49) - handball_11e3bf7d3b_0115fc9129_f00001354_manual/frames,41,30.0,1354,,3
hb_61_ Montreal Impact v New England Revolution 48 48 Handball_f62e302249_87ffa2b07d_f00000879_manual,primary,1,native,hb_61_ Montreal Impact v New England Revolution 48 48 Handball_f62e302249.mp4,native::hb_61_ Montreal Impact v New England Revolution 48 48 Handball_f62e302249.mp4,,dataset/handball/hb_61_ Montreal Impact v New England Revolution 48 48 Handball_f62e302249_87ffa2b07d_f00000879_manual/frames,41,30.0,879,,3
hb_63_ Orlando City v Columbus Crew (28.16)_7a59cc3d5a_ed0f495cd9_f00000320_manual,primary,1,native,hb_63_ Orlando City v Columbus Crew (28.16)_7a59cc3d5a.mp4,native::hb_63_ Orlando City v Columbus Crew (28.16)_7a59cc3d5a.mp4,,dataset/handball/hb_63_ Orlando City v Columbus Crew (28.16)_7a59cc3d5a_ed0f495cd9_f00000320_manual/frames,41,9.983,320,,3
hb_64_ Toronto FC v San Jose Earthquakes (22_38) - Handball_b707c94711_5878f0f44f_f00000885_manual,primary,1,native,hb_64_ Toronto FC v San Jose Earthquakes (22_38) - Handball_b707c94711.mp4,native::hb_64_ Toronto FC v San Jose Earthquakes (22_38) - Handball_b707c94711.mp4,,dataset/handball/hb_64_ Toronto FC v San Jose Earthquakes (22_38) - Handball_b707c94711_5878f0f44f_f00000885_manual/frames,41,29.97002997002997,885,,3
hb_65_ D.C. United v Philadelphia Union (83_25)_912facb90f_2dce3d115f_f00000688_manual,primary,1,native,hb_65_ D.C. United v Philadelphia Union (83_25)_912facb90f.mp4,native::hb_65_ D.C. United v Philadelphia Union (83_25)_912facb90f.mp4,,dataset/handball/hb_65_ D.C. United v Philadelphia Union (83_25)_912facb90f_2dce3d115f_f00000688_manual/frames,41,29.97002997002997,688,,1
hb_66_ Philadelphia Union v Colorado Rapids (48.16)_ea1a7302b3_fc98e2098b_f00000636,primary,1,native,hb_66_ Philadelphia Union v Colorado Rapids (48.16)_ea1a7302b3.mp4,native::hb_66_ Philadelphia Union v Colorado Rapids (48.16)_ea1a7302b3.mp4,,dataset/handball/hb_66_ Philadelphia Union v Colorado Rapids (48.16)_ea1a7302b3_fc98e2098b_f00000636/frames,41,30.0,636,,4
hb_67_ Arsenal v. Aston Villa _ PREMIER LEAGUE HIGHLIGHTS _ 1_18_2025_fc69045520_f5f57dfc6f_f00000000,primary,1,native,hb_67_ Arsenal v. Aston Villa _ PREMIER LEAGUE HIGHLIGHTS _ 1_18_2025_fc69045520.mp4,native::hb_67_ Arsenal v. Aston Villa _ PREMIER LEAGUE HIGHLIGHTS _ 1_18_2025_fc69045520.mp4,,dataset/handball/hb_67_ Arsenal v. Aston Villa _ PREMIER LEAGUE HIGHLIGHTS _ 1_18_2025_fc69045520_f5f57dfc6f_f00000000/frames,21,29.97002997002997,0,,1
hb_67_ Arsenal v. Aston Villa _ PREMIER LEAGUE HIGHLIGHTS _ 1_18_2025_fc69045520_f5f57dfc6f_f00000695_manual,primary,1,native,hb_67_ Arsenal v. Aston Villa _ PREMIER LEAGUE HIGHLIGHTS _ 1_18_2025_fc69045520.mp4,native::hb_67_ Arsenal v. Aston Villa _ PREMIER LEAGUE HIGHLIGHTS _ 1_18_2025_fc69045520.mp4,,dataset/handball/hb_67_ Arsenal v. Aston Villa _ PREMIER LEAGUE HIGHLIGHTS _ 1_18_2025_fc69045520_f5f57dfc6f_f00000695_manual/frames,41,29.97002997002997,695,,1
hb_68_ Barcelona 3-1 Juventus _ UCL Final 2015_ Extended Highlights_0f92600c97_8d1f8950dd_f00000923,primary,1,native,hb_68_ Barcelona 3-1 Juventus _ UCL Final 2015_ Extended Highlights_0f92600c97.mp4,native::hb_68_ Barcelona 3-1 Juventus _ UCL Final 2015_ Extended Highlights_0f92600c97.mp4,,dataset/handball/hb_68_ Barcelona 3-1 Juventus _ UCL Final 2015_ Extended Highlights_0f92600c97_8d1f8950dd_f00000923/frames,41,60.0,923,,2
hb_69_ EXPLAINED_ Why Bayern were NOT awarded a pen for Gabriel's handball _ CBS Sports Golazo Network_20ea6ef111_92a608ba8a_f00000106_manual,primary,1,native,hb_69_ EXPLAINED_ Why Bayern were NOT awarded a pen for Gabriel's handball _ CBS Sports Golazo Network_20ea6ef111.mp4,native::hb_69_ EXPLAINED_ Why Bayern were NOT awarded a pen for Gabriel's handball _ CBS Sports Golazo Network_20ea6ef111.mp4,,dataset/handball/hb_69_ EXPLAINED_ Why Bayern were NOT awarded a pen for Gabriel's handball _ CBS Sports Golazo Network_20ea6ef111_92a608ba8a_f00000106_manual/frames,41,59.94005994005994,106,,0
hb_6_ Portugal vs (4). Uruguay Highlights _ 2022 FIFA World Cup_de589ccd0b_fb611ef96e_f00000035,primary,1,native,hb_6_ Portugal vs (4). Uruguay Highlights _ 2022 FIFA World Cup_de589ccd0b.mp4,native::hb_6_ Portugal vs (4). Uruguay Highlights _ 2022 FIFA World Cup_de589ccd0b.mp4,,dataset/handball/hb_6_ Portugal vs (4). Uruguay Highlights _ 2022 FIFA World Cup_de589ccd0b_fb611ef96e_f00000035/frames,41,29.97002997002997,35,,1
hb_6_ Portugal vs (4). Uruguay Highlights _ 2022 FIFA World Cup_de589ccd0b_fb611ef96e_f00000165,primary,1,native,hb_6_ Portugal vs (4). Uruguay Highlights _ 2022 FIFA World Cup_de589ccd0b.mp4,native::hb_6_ Portugal vs (4). Uruguay Highlights _ 2022 FIFA World Cup_de589ccd0b.mp4,,dataset/handball/hb_6_ Portugal vs (4). Uruguay Highlights _ 2022 FIFA World Cup_de589ccd0b_fb611ef96e_f00000165/frames,41,29.97002997002997,165,,1
hb_70_ Carlos Vela Offside in LA_ Did RSL Commit a Handball in Seattle__8522864947_a8143eec12_f00000470,primary,1,native,hb_70_ Carlos Vela Offside in LA_ Did RSL Commit a Handball in Seattle__8522864947.mp4,native::hb_70_ Carlos Vela Offside in LA_ Did RSL Commit a Handball in Seattle__8522864947.mp4,,dataset/handball/hb_70_ Carlos Vela Offside in LA_ Did RSL Commit a Handball in Seattle__8522864947_a8143eec12_f00000470/frames,41,29.97002997002997,470,,4
hb_70_ Carlos Vela Offside in LA_ Did RSL Commit a Handball in Seattle__8522864947_a8143eec12_f00000618,primary,1,native,hb_70_ Carlos Vela Offside in LA_ Did RSL Commit a Handball in Seattle__8522864947.mp4,native::hb_70_ Carlos Vela Offside in LA_ Did RSL Commit a Handball in Seattle__8522864947.mp4,,dataset/handball/hb_70_ Carlos Vela Offside in LA_ Did RSL Commit a Handball in Seattle__8522864947_a8143eec12_f00000618/frames,41,29.97002997002997,618,,4
hb_73_ Brazil v Côte d'Ivoire _ 2010 FIFA World Cup _ Match Highlights_206ff95213_a30d941771_f00000553,primary,1,native,hb_73_ Brazil v Côte d'Ivoire _ 2010 FIFA World Cup _ Match Highlights_206ff95213.mp4,native::hb_73_ Brazil v Côte d'Ivoire _ 2010 FIFA World Cup _ Match Highlights_206ff95213.mp4,,dataset/handball/hb_73_ Brazil v Côte d'Ivoire _ 2010 FIFA World Cup _ Match Highlights_206ff95213_a30d941771_f00000553/frames,41,25.0,553,,3
hb_74_ Uruguay 1 - 3 Costa Rica copa del mundo 2014_bc145912c4_93d8fa48e7_f00000470,primary,1,native,hb_74_ Uruguay 1 - 3 Costa Rica copa del mundo 2014_bc145912c4.mp4,native::hb_74_ Uruguay 1 - 3 Costa Rica copa del mundo 2014_bc145912c4.mp4,,dataset/handball/hb_74_ Uruguay 1 - 3 Costa Rica copa del mundo 2014_bc145912c4_93d8fa48e7_f00000470/frames,41,60.0,470,,3
hb_75_ France v Australia _ 2018 FIFA World Cup _ Match Highlights_fb85f9a54e_571cb0fc39_f00000557,primary,1,native,hb_75_ France v Australia _ 2018 FIFA World Cup _ Match Highlights_fb85f9a54e.mp4,native::hb_75_ France v Australia _ 2018 FIFA World Cup _ Match Highlights_fb85f9a54e.mp4,,dataset/handball/hb_75_ France v Australia _ 2018 FIFA World Cup _ Match Highlights_fb85f9a54e_571cb0fc39_f00000557/frames,41,50.0,557,,2
hb_76_ France vs Germany 2X0 Euro 2016 Semi Final All Goals & Highlights_55f19dd6c9_8376f7ff42_f00000263,primary,1,native,hb_76_ France vs Germany 2X0 Euro 2016 Semi Final All Goals & Highlights_55f19dd6c9.mp4,native::hb_76_ France vs Germany 2X0 Euro 2016 Semi Final All Goals & Highlights_55f19dd6c9.mp4,,dataset/handball/hb_76_ France vs Germany 2X0 Euro 2016 Semi Final All Goals & Highlights_55f19dd6c9_8376f7ff42_f00000263/frames,41,30.0,263,,1
hb_77_ Denmark v Australia _ 2018 FIFA World Cup _ Match Highlights_39f250ca8b_3bf3784918_f00000724_manual,primary,1,native,hb_77_ Denmark v Australia _ 2018 FIFA World Cup _ Match Highlights_39f250ca8b.mp4,native::hb_77_ Denmark v Australia _ 2018 FIFA World Cup _ Match Highlights_39f250ca8b.mp4,,dataset/handball/hb_77_ Denmark v Australia _ 2018 FIFA World Cup _ Match Highlights_39f250ca8b_3bf3784918_f00000724_manual/frames,41,50.0,724,,1
hb_78_ Ghana v Australia _ 2010 FIFA World Cup _ Match Highlights_7bf6ba5510_55d807bd3a_f00000366,primary,1,native,hb_78_ Ghana v Australia _ 2010 FIFA World Cup _ Match Highlights_7bf6ba5510.mp4,native::hb_78_ Ghana v Australia _ 2010 FIFA World Cup _ Match Highlights_7bf6ba5510.mp4,,dataset/handball/hb_78_ Ghana v Australia _ 2010 FIFA World Cup _ Match Highlights_7bf6ba5510_55d807bd3a_f00000366/frames,41,25.0,366,,4
hb_79_ The Famed _Battle of Nuremberg_ _ Portugal vs Netherlands _ 2006 FIFA World Cup_9e97b2b11a_0b793d0f81_f00000638_manual,primary,1,native,hb_79_ The Famed _Battle of Nuremberg_ _ Portugal vs Netherlands _ 2006 FIFA World Cup_9e97b2b11a.mp4,native::hb_79_ The Famed _Battle of Nuremberg_ _ Portugal vs Netherlands _ 2006 FIFA World Cup_9e97b2b11a.mp4,,dataset/handball/hb_79_ The Famed _Battle of Nuremberg_ _ Portugal vs Netherlands _ 2006 FIFA World Cup_9e97b2b11a_0b793d0f81_f00000638_manual/frames,41,25.0,638,,1
hb_80_ Spain vs. Germany Highlights _ UEFA Euro 2024 _ Quarterfinals_698d447ead_acea1364e0_f00000540_manual,primary,1,native,hb_80_ Spain vs. Germany Highlights _ UEFA Euro 2024 _ Quarterfinals_698d447ead.mp4,native::hb_80_ Spain vs. Germany Highlights _ UEFA Euro 2024 _ Quarterfinals_698d447ead.mp4,,dataset/handball/hb_80_ Spain vs. Germany Highlights _ UEFA Euro 2024 _ Quarterfinals_698d447ead_acea1364e0_f00000540_manual/frames,41,29.97002997002997,540,,3
YTDown.com_YouTube_10-HANDBALL-GOALS-IN-FOOTBALL-HISTORY_Media_CHdcst_DEZM_001_720p_4604e10a58_71657d102d_f00005098,primary,0,native,YTDown.com_YouTube_10-HANDBALL-GOALS-IN-FOOTBALL-HISTORY_Media_CHdcst_DEZM_001_720p_4604e10a58.mp4,native::YTDown.com_YouTube_10-HANDBALL-GOALS-IN-FOOTBALL-HISTORY_Media_CHdcst_DEZM_001_720p_4604e10a58.mp4,,dataset/not_handball/YTDown.com_YouTube_10-HANDBALL-GOALS-IN-FOOTBALL-HISTORY_Media_CHdcst_DEZM_001_720p_4604e10a58_71657d102d_f00005098/frames,41,25.0,5098,,2
YTDown.com_YouTube_25-Manos-Mas-Famosas-Del-Futbol-25-Famou_Media_Wa7Phu0LpY4_001_1080p (1)_c57d10e006_0930f82c39_f00000310,primary,0,native,YTDown.com_YouTube_25-Manos-Mas-Famosas-Del-Futbol-25-Famou_Media_Wa7Phu0LpY4_001_1080p (1)_c57d10e006.mp4,native::YTDown.com_YouTube_25-Manos-Mas-Famosas-Del-Futbol-25-Famou_Media_Wa7Phu0LpY4_001_1080p (1)_c57d10e006.mp4,,dataset/not_handball/YTDown.com_YouTube_25-Manos-Mas-Famosas-Del-Futbol-25-Famou_Media_Wa7Phu0LpY4_001_1080p (1)_c57d10e006_0930f82c39_f00000310/frames,41,59.94005994005994,310,,0
YTDown.com_YouTube_25-Manos-Mas-Famosas-Del-Futbol-25-Famou_Media_Wa7Phu0LpY4_001_1080p (1)_c57d10e006_0930f82c39_f00000363,primary,0,native,YTDown.com_YouTube_25-Manos-Mas-Famosas-Del-Futbol-25-Famou_Media_Wa7Phu0LpY4_001_1080p (1)_c57d10e006.mp4,native::YTDown.com_YouTube_25-Manos-Mas-Famosas-Del-Futbol-25-Famou_Media_Wa7Phu0LpY4_001_1080p (1)_c57d10e006.mp4,,dataset/not_handball/YTDown.com_YouTube_25-Manos-Mas-Famosas-Del-Futbol-25-Famou_Media_Wa7Phu0LpY4_001_1080p (1)_c57d10e006_0930f82c39_f00000363/frames,41,59.94005994005994,363,,0
YTDown.com_YouTube_25-Manos-Mas-Famosas-Del-Futbol-25-Famou_Media_Wa7Phu0LpY4_001_1080p (1)_c57d10e006_0930f82c39_f00005143,primary,0,native,YTDown.com_YouTube_25-Manos-Mas-Famosas-Del-Futbol-25-Famou_Media_Wa7Phu0LpY4_001_1080p (1)_c57d10e006.mp4,native::YTDown.com_YouTube_25-Manos-Mas-Famosas-Del-Futbol-25-Famou_Media_Wa7Phu0LpY4_001_1080p (1)_c57d10e006.mp4,,dataset/not_handball/YTDown.com_YouTube_25-Manos-Mas-Famosas-Del-Futbol-25-Famou_Media_Wa7Phu0LpY4_001_1080p (1)_c57d10e006_0930f82c39_f00005143/frames,41,59.94005994005994,5143,,0
YTDown.com_YouTube_25-Manos-Mas-Famosas-Del-Futbol-25-Famou_Media_Wa7Phu0LpY4_001_1080p (1)_c57d10e006_0930f82c39_f00008943,primary,0,native,YTDown.com_YouTube_25-Manos-Mas-Famosas-Del-Futbol-25-Famou_Media_Wa7Phu0LpY4_001_1080p (1)_c57d10e006.mp4,native::YTDown.com_YouTube_25-Manos-Mas-Famosas-Del-Futbol-25-Famou_Media_Wa7Phu0LpY4_001_1080p (1)_c57d10e006.mp4,,dataset/not_handball/YTDown.com_YouTube_25-Manos-Mas-Famosas-Del-Futbol-25-Famou_Media_Wa7Phu0LpY4_001_1080p (1)_c57d10e006_0930f82c39_f00008943/frames,41,59.94005994005994,8943,,0
YTDown.com_YouTube_25-Manos-Mas-Famosas-Del-Futbol-25-Famou_Media_Wa7Phu0LpY4_001_1080p (1)_c57d10e006_0930f82c39_f00008987,primary,0,native,YTDown.com_YouTube_25-Manos-Mas-Famosas-Del-Futbol-25-Famou_Media_Wa7Phu0LpY4_001_1080p (1)_c57d10e006.mp4,native::YTDown.com_YouTube_25-Manos-Mas-Famosas-Del-Futbol-25-Famou_Media_Wa7Phu0LpY4_001_1080p (1)_c57d10e006.mp4,,dataset/not_handball/YTDown.com_YouTube_25-Manos-Mas-Famosas-Del-Futbol-25-Famou_Media_Wa7Phu0LpY4_001_1080p (1)_c57d10e006_0930f82c39_f00008987/frames,41,59.94005994005994,8987,,0
YTDown.com_YouTube_25-Manos-Mas-Famosas-Del-Futbol-25-Famou_Media_Wa7Phu0LpY4_001_1080p (1)_c57d10e006_0930f82c39_f00009027,primary,0,native,YTDown.com_YouTube_25-Manos-Mas-Famosas-Del-Futbol-25-Famou_Media_Wa7Phu0LpY4_001_1080p (1)_c57d10e006.mp4,native::YTDown.com_YouTube_25-Manos-Mas-Famosas-Del-Futbol-25-Famou_Media_Wa7Phu0LpY4_001_1080p (1)_c57d10e006.mp4,,dataset/not_handball/YTDown.com_YouTube_25-Manos-Mas-Famosas-Del-Futbol-25-Famou_Media_Wa7Phu0LpY4_001_1080p (1)_c57d10e006_0930f82c39_f00009027/frames,41,59.94005994005994,9027,,0
YTDown.com_YouTube_25-Manos-Mas-Famosas-Del-Futbol-25-Famou_Media_Wa7Phu0LpY4_001_1080p (1)_c57d10e006_0930f82c39_f00009102,primary,0,native,YTDown.com_YouTube_25-Manos-Mas-Famosas-Del-Futbol-25-Famou_Media_Wa7Phu0LpY4_001_1080p (1)_c57d10e006.mp4,native::YTDown.com_YouTube_25-Manos-Mas-Famosas-Del-Futbol-25-Famou_Media_Wa7Phu0LpY4_001_1080p (1)_c57d10e006.mp4,,dataset/not_handball/YTDown.com_YouTube_25-Manos-Mas-Famosas-Del-Futbol-25-Famou_Media_Wa7Phu0LpY4_001_1080p (1)_c57d10e006_0930f82c39_f00009102/frames,41,59.94005994005994,9102,,0
YTDown.com_YouTube_25-Manos-Mas-Famosas-Del-Futbol-25-Famou_Media_Wa7Phu0LpY4_001_1080p (1)_c57d10e006_0930f82c39_f00015526,primary,0,native,YTDown.com_YouTube_25-Manos-Mas-Famosas-Del-Futbol-25-Famou_Media_Wa7Phu0LpY4_001_1080p (1)_c57d10e006.mp4,native::YTDown.com_YouTube_25-Manos-Mas-Famosas-Del-Futbol-25-Famou_Media_Wa7Phu0LpY4_001_1080p (1)_c57d10e006.mp4,,dataset/not_handball/YTDown.com_YouTube_25-Manos-Mas-Famosas-Del-Futbol-25-Famou_Media_Wa7Phu0LpY4_001_1080p (1)_c57d10e006_0930f82c39_f00015526/frames,41,59.94005994005994,15526,,0
hb_15_ Spain v Russia _ 2018 FIFA World Cup _ Match Highlights_7791349a30_c00955b4ac_f00000485,primary,0,native,hb_15_ Spain v Russia _ 2018 FIFA World Cup _ Match Highlights_7791349a30.mp4,native::hb_15_ Spain v Russia _ 2018 FIFA World Cup _ Match Highlights_7791349a30.mp4,,dataset/not_handball/hb_15_ Spain v Russia _ 2018 FIFA World Cup _ Match Highlights_7791349a30_c00955b4ac_f00000485/frames,41,50.0,485,,1
hb_24_ Miami & Orlando Handball Calls That Changed the Playoff Picture!_8242eb438e_aed467df8a_f00000246,primary,0,native,hb_24_ Miami & Orlando Handball Calls That Changed the Playoff Picture!_8242eb438e.mp4,native::hb_24_ Miami & Orlando Handball Calls That Changed the Playoff Picture!_8242eb438e.mp4,,dataset/not_handball/hb_24_ Miami & Orlando Handball Calls That Changed the Playoff Picture!_8242eb438e_aed467df8a_f00000246/frames,41,59.94005994005994,246,,3
hb_51_ Anthony Gordon's penalty doubles Newcastle's lead over Burnley _ Premier League _ NBC Sports_fd41cb7d83_bcc012d8a4_f00000756,primary,0,native,hb_51_ Anthony Gordon's penalty doubles Newcastle's lead over Burnley _ Premier League _ NBC Sports_fd41cb7d83.mp4,native::hb_51_ Anthony Gordon's penalty doubles Newcastle's lead over Burnley _ Premier League _ NBC Sports_fd41cb7d83.mp4,,dataset/not_handball/hb_51_ Anthony Gordon's penalty doubles Newcastle's lead over Burnley _ Premier League _ NBC Sports_fd41cb7d83_bcc012d8a4_f00000756/frames,41,29.97002997002997,756,,1
hb_57_ LA Galaxy v Real Salt Lake (5_03) - Handball_7322ed6d8d_7b3f6270f1_f00000256,primary,0,native,hb_57_ LA Galaxy v Real Salt Lake (5_03) - Handball_7322ed6d8d.mp4,native::hb_57_ LA Galaxy v Real Salt Lake (5_03) - Handball_7322ed6d8d.mp4,,dataset/not_handball/hb_57_ LA Galaxy v Real Salt Lake (5_03) - Handball_7322ed6d8d_7b3f6270f1_f00000256/frames,41,29.97002997002997,256,,2
hb_58_ New York City v Houston Dynamo (44_04) - Handball_d5aff45f5a_039d53e2c1_f00000333,primary,0,native,hb_58_ New York City v Houston Dynamo (44_04) - Handball_d5aff45f5a.mp4,native::hb_58_ New York City v Houston Dynamo (44_04) - Handball_d5aff45f5a.mp4,,dataset/not_handball/hb_58_ New York City v Houston Dynamo (44_04) - Handball_d5aff45f5a_039d53e2c1_f00000333/frames,41,29.97002997002997,333,,0
hb_62_ Houston Dynamo v Portland Timbers (31.40)_29ab492bc0_0b2e22cd14_f00001619,primary,0,native,hb_62_ Houston Dynamo v Portland Timbers (31.40)_29ab492bc0.mp4,native::hb_62_ Houston Dynamo v Portland Timbers (31.40)_29ab492bc0.mp4,,dataset/not_handball/hb_62_ Houston Dynamo v Portland Timbers (31.40)_29ab492bc0_0b2e22cd14_f00001619/frames,41,30.0,1619,,2
hb_66_ Philadelphia Union v Colorado Rapids (48.16)_ea1a7302b3_fc98e2098b_f00000039,primary,0,native,hb_66_ Philadelphia Union v Colorado Rapids (48.16)_ea1a7302b3.mp4,native::hb_66_ Philadelphia Union v Colorado Rapids (48.16)_ea1a7302b3.mp4,,dataset/not_handball/hb_66_ Philadelphia Union v Colorado Rapids (48.16)_ea1a7302b3_fc98e2098b_f00000039/frames,41,30.0,39,,4
nhb_13_ Spain vs Cape Verde Extended Highlights 🌎🏆 2026 FIFA World Cup™_465cfb43f1_36ae5eb12ca1_f00004817_negative_sample,primary,0,native,nhb_13_ Spain vs Cape Verde Extended Highlights 🌎🏆 2026 FIFA World Cup™_465cfb43f1.mp4,native::nhb_13_ Spain vs Cape Verde Extended Highlights 🌎🏆 2026 FIFA World Cup™_465cfb43f1.mp4,,dataset/not_handball/nhb_13_ Spain vs Cape Verde Extended Highlights 🌎🏆 2026 FIFA World Cup™_465cfb43f1_36ae5eb12ca1_f00004817_negative_sample/frames,41,59.94005994005994,4817,,1
nhb_13_ Spain vs Cape Verde Extended Highlights 🌎🏆 2026 FIFA World Cup™_465cfb43f1_36ae5eb12ca1_f00006316_negative_sample,primary,0,native,nhb_13_ Spain vs Cape Verde Extended Highlights 🌎🏆 2026 FIFA World Cup™_465cfb43f1.mp4,native::nhb_13_ Spain vs Cape Verde Extended Highlights 🌎🏆 2026 FIFA World Cup™_465cfb43f1.mp4,,dataset/not_handball/nhb_13_ Spain vs Cape Verde Extended Highlights 🌎🏆 2026 FIFA World Cup™_465cfb43f1_36ae5eb12ca1_f00006316_negative_sample/frames,41,59.94005994005994,6316,,1
nhb_13_ Spain vs Cape Verde Extended Highlights 🌎🏆 2026 FIFA World Cup™_465cfb43f1_36ae5eb12ca1_f00006616_negative_sample,primary,0,native,nhb_13_ Spain vs Cape Verde Extended Highlights 🌎🏆 2026 FIFA World Cup™_465cfb43f1.mp4,native::nhb_13_ Spain vs Cape Verde Extended Highlights 🌎🏆 2026 FIFA World Cup™_465cfb43f1.mp4,,dataset/not_handball/nhb_13_ Spain vs Cape Verde Extended Highlights 🌎🏆 2026 FIFA World Cup™_465cfb43f1_36ae5eb12ca1_f00006616_negative_sample/frames,41,59.94005994005994,6616,,1
nhb_14_ Netherlands vs Japan Extended Highlights 🌎🏆 2026 FIFA World Cup™_e87fde8722_e72beb90729d_f00005395_negative_sample,primary,0,native,nhb_14_ Netherlands vs Japan Extended Highlights 🌎🏆 2026 FIFA World Cup™_e87fde8722.mp4,native::nhb_14_ Netherlands vs Japan Extended Highlights 🌎🏆 2026 FIFA World Cup™_e87fde8722.mp4,,dataset/not_handball/nhb_14_ Netherlands vs Japan Extended Highlights 🌎🏆 2026 FIFA World Cup™_e87fde8722_e72beb90729d_f00005395_negative_sample/frames,41,59.94005994005994,5395,,2
nhb_14_ Netherlands vs Japan Extended Highlights 🌎🏆 2026 FIFA World Cup™_e87fde8722_e72beb90729d_f00005695_negative_sample,primary,0,native,nhb_14_ Netherlands vs Japan Extended Highlights 🌎🏆 2026 FIFA World Cup™_e87fde8722.mp4,native::nhb_14_ Netherlands vs Japan Extended Highlights 🌎🏆 2026 FIFA World Cup™_e87fde8722.mp4,,dataset/not_handball/nhb_14_ Netherlands vs Japan Extended Highlights 🌎🏆 2026 FIFA World Cup™_e87fde8722_e72beb90729d_f00005695_negative_sample/frames,41,59.94005994005994,5695,,2
nhb_14_ Netherlands vs Japan Extended Highlights 🌎🏆 2026 FIFA World Cup™_e87fde8722_e72beb90729d_f00005995_negative_sample,primary,0,native,nhb_14_ Netherlands vs Japan Extended Highlights 🌎🏆 2026 FIFA World Cup™_e87fde8722.mp4,native::nhb_14_ Netherlands vs Japan Extended Highlights 🌎🏆 2026 FIFA World Cup™_e87fde8722.mp4,,dataset/not_handball/nhb_14_ Netherlands vs Japan Extended Highlights 🌎🏆 2026 FIFA World Cup™_e87fde8722_e72beb90729d_f00005995_negative_sample/frames,41,59.94005994005994,5995,,2
nhb_15_ LAFC vs. Real Salt Lake ｜ Full Match Highlights ｜ Son SCORES AGAIN!_10254090e1_3a896c20cfeb_f00005395_negative_sample,primary,0,native,nhb_15_ LAFC vs. Real Salt Lake ｜ Full Match Highlights ｜ Son SCORES AGAIN!_10254090e1.mp4,native::nhb_15_ LAFC vs. Real Salt Lake ｜ Full Match Highlights ｜ Son SCORES AGAIN!_10254090e1.mp4,,dataset/not_handball/nhb_15_ LAFC vs. Real Salt Lake ｜ Full Match Highlights ｜ Son SCORES AGAIN!_10254090e1_3a896c20cfeb_f00005395_negative_sample/frames,41,59.94005994005994,5395,,4
nhb_15_ LAFC vs. Real Salt Lake ｜ Full Match Highlights ｜ Son SCORES AGAIN!_10254090e1_3a896c20cfeb_f00005695_negative_sample,primary,0,native,nhb_15_ LAFC vs. Real Salt Lake ｜ Full Match Highlights ｜ Son SCORES AGAIN!_10254090e1.mp4,native::nhb_15_ LAFC vs. Real Salt Lake ｜ Full Match Highlights ｜ Son SCORES AGAIN!_10254090e1.mp4,,dataset/not_handball/nhb_15_ LAFC vs. Real Salt Lake ｜ Full Match Highlights ｜ Son SCORES AGAIN!_10254090e1_3a896c20cfeb_f00005695_negative_sample/frames,41,59.94005994005994,5695,,4
nhb_15_ LAFC vs. Real Salt Lake ｜ Full Match Highlights ｜ Son SCORES AGAIN!_10254090e1_3a896c20cfeb_f00005995_negative_sample,primary,0,native,nhb_15_ LAFC vs. Real Salt Lake ｜ Full Match Highlights ｜ Son SCORES AGAIN!_10254090e1.mp4,native::nhb_15_ LAFC vs. Real Salt Lake ｜ Full Match Highlights ｜ Son SCORES AGAIN!_10254090e1.mp4,,dataset/not_handball/nhb_15_ LAFC vs. Real Salt Lake ｜ Full Match Highlights ｜ Son SCORES AGAIN!_10254090e1_3a896c20cfeb_f00005995_negative_sample/frames,41,59.94005994005994,5995,,4
nhb_16_ Houston Dynamo FC vs. D.C. United ｜ Full Match Highlights ｜ TIGHT FINISH!_21ed6c9722_98f1285b7879_f00005395_negative_sample,primary,0,native,nhb_16_ Houston Dynamo FC vs. D.C. United ｜ Full Match Highlights ｜ TIGHT FINISH!_21ed6c9722.mp4,native::nhb_16_ Houston Dynamo FC vs. D.C. United ｜ Full Match Highlights ｜ TIGHT FINISH!_21ed6c9722.mp4,,dataset/not_handball/nhb_16_ Houston Dynamo FC vs. D.C. United ｜ Full Match Highlights ｜ TIGHT FINISH!_21ed6c9722_98f1285b7879_f00005395_negative_sample/frames,41,59.94005994005994,5395,,3
nhb_16_ Houston Dynamo FC vs. D.C. United ｜ Full Match Highlights ｜ TIGHT FINISH!_21ed6c9722_98f1285b7879_f00005695_negative_sample,primary,0,native,nhb_16_ Houston Dynamo FC vs. D.C. United ｜ Full Match Highlights ｜ TIGHT FINISH!_21ed6c9722.mp4,native::nhb_16_ Houston Dynamo FC vs. D.C. United ｜ Full Match Highlights ｜ TIGHT FINISH!_21ed6c9722.mp4,,dataset/not_handball/nhb_16_ Houston Dynamo FC vs. D.C. United ｜ Full Match Highlights ｜ TIGHT FINISH!_21ed6c9722_98f1285b7879_f00005695_negative_sample/frames,41,59.94005994005994,5695,,3
nhb_16_ Houston Dynamo FC vs. D.C. United ｜ Full Match Highlights ｜ TIGHT FINISH!_21ed6c9722_98f1285b7879_f00029850_negative_sample,primary,0,native,nhb_16_ Houston Dynamo FC vs. D.C. United ｜ Full Match Highlights ｜ TIGHT FINISH!_21ed6c9722.mp4,native::nhb_16_ Houston Dynamo FC vs. D.C. United ｜ Full Match Highlights ｜ TIGHT FINISH!_21ed6c9722.mp4,,dataset/not_handball/nhb_16_ Houston Dynamo FC vs. D.C. United ｜ Full Match Highlights ｜ TIGHT FINISH!_21ed6c9722_98f1285b7879_f00029850_negative_sample/frames,41,59.94005994005994,29850,,3
nhb_17_ Brighton v. Manchester United ｜ PREMIER LEAGUE HIGHLIGHTS ｜ 5⧸24⧸2026 ｜ NBC Sports_afed6ea7fa_be95c5108362_f00008991_negative_sample,primary,0,native,nhb_17_ Brighton v. Manchester United ｜ PREMIER LEAGUE HIGHLIGHTS ｜ 5⧸24⧸2026 ｜ NBC Sports_afed6ea7fa.mp4,native::nhb_17_ Brighton v. Manchester United ｜ PREMIER LEAGUE HIGHLIGHTS ｜ 5⧸24⧸2026 ｜ NBC Sports_afed6ea7fa.mp4,,dataset/not_handball/nhb_17_ Brighton v. Manchester United ｜ PREMIER LEAGUE HIGHLIGHTS ｜ 5⧸24⧸2026 ｜ NBC Sports_afed6ea7fa_be95c5108362_f00008991_negative_sample/frames,41,29.970052059940105,8991,,4
nhb_17_ Brighton v. Manchester United ｜ PREMIER LEAGUE HIGHLIGHTS ｜ 5⧸24⧸2026 ｜ NBC Sports_afed6ea7fa_be95c5108362_f00009591_negative_sample,primary,0,native,nhb_17_ Brighton v. Manchester United ｜ PREMIER LEAGUE HIGHLIGHTS ｜ 5⧸24⧸2026 ｜ NBC Sports_afed6ea7fa.mp4,native::nhb_17_ Brighton v. Manchester United ｜ PREMIER LEAGUE HIGHLIGHTS ｜ 5⧸24⧸2026 ｜ NBC Sports_afed6ea7fa.mp4,,dataset/not_handball/nhb_17_ Brighton v. Manchester United ｜ PREMIER LEAGUE HIGHLIGHTS ｜ 5⧸24⧸2026 ｜ NBC Sports_afed6ea7fa_be95c5108362_f00009591_negative_sample/frames,41,29.970052059940105,9591,,4
nhb_17_ Brighton v. Manchester United ｜ PREMIER LEAGUE HIGHLIGHTS ｜ 5⧸24⧸2026 ｜ NBC Sports_afed6ea7fa_be95c5108362_f00014985_negative_sample,primary,0,native,nhb_17_ Brighton v. Manchester United ｜ PREMIER LEAGUE HIGHLIGHTS ｜ 5⧸24⧸2026 ｜ NBC Sports_afed6ea7fa.mp4,native::nhb_17_ Brighton v. Manchester United ｜ PREMIER LEAGUE HIGHLIGHTS ｜ 5⧸24⧸2026 ｜ NBC Sports_afed6ea7fa.mp4,,dataset/not_handball/nhb_17_ Brighton v. Manchester United ｜ PREMIER LEAGUE HIGHLIGHTS ｜ 5⧸24⧸2026 ｜ NBC Sports_afed6ea7fa_be95c5108362_f00014985_negative_sample/frames,41,29.970052059940105,14985,,4
nhb_18_ FULL MATCH ｜ BETIS 3 vs 5 FC BARCELONA ｜ LALIGA 2025⧸26 MD15 🔵🔴_09f2d7d41a_dadf0415e50f_f00005000_negative_sample,primary,0,native,nhb_18_ FULL MATCH ｜ BETIS 3 vs 5 FC BARCELONA ｜ LALIGA 2025⧸26 MD15 🔵🔴_09f2d7d41a.mp4,native::nhb_18_ FULL MATCH ｜ BETIS 3 vs 5 FC BARCELONA ｜ LALIGA 2025⧸26 MD15 🔵🔴_09f2d7d41a.mp4,,dataset/not_handball/nhb_18_ FULL MATCH ｜ BETIS 3 vs 5 FC BARCELONA ｜ LALIGA 2025⧸26 MD15 🔵🔴_09f2d7d41a_dadf0415e50f_f00005000_negative_sample/frames,41,25.0,5000,,1
nhb_18_ FULL MATCH ｜ BETIS 3 vs 5 FC BARCELONA ｜ LALIGA 2025⧸26 MD15 🔵🔴_09f2d7d41a_dadf0415e50f_f00125125_negative_sample,primary,0,native,nhb_18_ FULL MATCH ｜ BETIS 3 vs 5 FC BARCELONA ｜ LALIGA 2025⧸26 MD15 🔵🔴_09f2d7d41a.mp4,native::nhb_18_ FULL MATCH ｜ BETIS 3 vs 5 FC BARCELONA ｜ LALIGA 2025⧸26 MD15 🔵🔴_09f2d7d41a.mp4,,dataset/not_handball/nhb_18_ FULL MATCH ｜ BETIS 3 vs 5 FC BARCELONA ｜ LALIGA 2025⧸26 MD15 🔵🔴_09f2d7d41a_dadf0415e50f_f00125125_negative_sample/frames,41,25.0,125125,,1
nhb_18_ FULL MATCH ｜ BETIS 3 vs 5 FC BARCELONA ｜ LALIGA 2025⧸26 MD15 🔵🔴_09f2d7d41a_dadf0415e50f_f00125250_negative_sample,primary,0,native,nhb_18_ FULL MATCH ｜ BETIS 3 vs 5 FC BARCELONA ｜ LALIGA 2025⧸26 MD15 🔵🔴_09f2d7d41a.mp4,native::nhb_18_ FULL MATCH ｜ BETIS 3 vs 5 FC BARCELONA ｜ LALIGA 2025⧸26 MD15 🔵🔴_09f2d7d41a.mp4,,dataset/not_handball/nhb_18_ FULL MATCH ｜ BETIS 3 vs 5 FC BARCELONA ｜ LALIGA 2025⧸26 MD15 🔵🔴_09f2d7d41a_dadf0415e50f_f00125250_negative_sample/frames,41,25.0,125250,,1
nhb_18_ FULL MATCH ｜ BETIS 3 vs 5 FC BARCELONA ｜ LALIGA 2025⧸26 MD15 🔵🔴_09f2d7d41a_dadf0415e50f_f00150625_negative_sample,primary,0,native,nhb_18_ FULL MATCH ｜ BETIS 3 vs 5 FC BARCELONA ｜ LALIGA 2025⧸26 MD15 🔵🔴_09f2d7d41a.mp4,native::nhb_18_ FULL MATCH ｜ BETIS 3 vs 5 FC BARCELONA ｜ LALIGA 2025⧸26 MD15 🔵🔴_09f2d7d41a.mp4,,dataset/not_handball/nhb_18_ FULL MATCH ｜ BETIS 3 vs 5 FC BARCELONA ｜ LALIGA 2025⧸26 MD15 🔵🔴_09f2d7d41a_dadf0415e50f_f00150625_negative_sample/frames,41,25.0,150625,,1
nhb_18_ FULL MATCH ｜ BETIS 3 vs 5 FC BARCELONA ｜ LALIGA 2025⧸26 MD15 🔵🔴_09f2d7d41a_dadf0415e50f_f00150750_negative_sample,primary,0,native,nhb_18_ FULL MATCH ｜ BETIS 3 vs 5 FC BARCELONA ｜ LALIGA 2025⧸26 MD15 🔵🔴_09f2d7d41a.mp4,native::nhb_18_ FULL MATCH ｜ BETIS 3 vs 5 FC BARCELONA ｜ LALIGA 2025⧸26 MD15 🔵🔴_09f2d7d41a.mp4,,dataset/not_handball/nhb_18_ FULL MATCH ｜ BETIS 3 vs 5 FC BARCELONA ｜ LALIGA 2025⧸26 MD15 🔵🔴_09f2d7d41a_dadf0415e50f_f00150750_negative_sample/frames,41,25.0,150750,,1
nhb_18_ FULL MATCH ｜ BETIS 3 vs 5 FC BARCELONA ｜ LALIGA 2025⧸26 MD15 🔵🔴_09f2d7d41a_dadf0415e50f_f00151000_negative_sample,primary,0,native,nhb_18_ FULL MATCH ｜ BETIS 3 vs 5 FC BARCELONA ｜ LALIGA 2025⧸26 MD15 🔵🔴_09f2d7d41a.mp4,native::nhb_18_ FULL MATCH ｜ BETIS 3 vs 5 FC BARCELONA ｜ LALIGA 2025⧸26 MD15 🔵🔴_09f2d7d41a.mp4,,dataset/not_handball/nhb_18_ FULL MATCH ｜ BETIS 3 vs 5 FC BARCELONA ｜ LALIGA 2025⧸26 MD15 🔵🔴_09f2d7d41a_dadf0415e50f_f00151000_negative_sample/frames,41,25.0,151000,,1
nhb_19_ Belgium v Japan ｜ 2018 FIFA World Cup ｜ Full Match_9b24a023d3_7e5591751c21_f00000020_negative_sample,primary,0,native,nhb_19_ Belgium v Japan ｜ 2018 FIFA World Cup ｜ Full Match_9b24a023d3.mp4,native::nhb_19_ Belgium v Japan ｜ 2018 FIFA World Cup ｜ Full Match_9b24a023d3.mp4,,dataset/not_handball/nhb_19_ Belgium v Japan ｜ 2018 FIFA World Cup ｜ Full Match_9b24a023d3_7e5591751c21_f00000020_negative_sample/frames,41,30.0,20,,3
nhb_19_ Belgium v Japan ｜ 2018 FIFA World Cup ｜ Full Match_9b24a023d3_7e5591751c21_f00009150_negative_sample,primary,0,native,nhb_19_ Belgium v Japan ｜ 2018 FIFA World Cup ｜ Full Match_9b24a023d3.mp4,native::nhb_19_ Belgium v Japan ｜ 2018 FIFA World Cup ｜ Full Match_9b24a023d3.mp4,,dataset/not_handball/nhb_19_ Belgium v Japan ｜ 2018 FIFA World Cup ｜ Full Match_9b24a023d3_7e5591751c21_f00009150_negative_sample/frames,41,30.0,9150,,3
nhb_19_ Belgium v Japan ｜ 2018 FIFA World Cup ｜ Full Match_9b24a023d3_7e5591751c21_f00009300_negative_sample,primary,0,native,nhb_19_ Belgium v Japan ｜ 2018 FIFA World Cup ｜ Full Match_9b24a023d3.mp4,native::nhb_19_ Belgium v Japan ｜ 2018 FIFA World Cup ｜ Full Match_9b24a023d3.mp4,,dataset/not_handball/nhb_19_ Belgium v Japan ｜ 2018 FIFA World Cup ｜ Full Match_9b24a023d3_7e5591751c21_f00009300_negative_sample/frames,41,30.0,9300,,3
nhb_19_ Belgium v Japan ｜ 2018 FIFA World Cup ｜ Full Match_9b24a023d3_7e5591751c21_f00015450_negative_sample,primary,0,native,nhb_19_ Belgium v Japan ｜ 2018 FIFA World Cup ｜ Full Match_9b24a023d3.mp4,native::nhb_19_ Belgium v Japan ｜ 2018 FIFA World Cup ｜ Full Match_9b24a023d3.mp4,,dataset/not_handball/nhb_19_ Belgium v Japan ｜ 2018 FIFA World Cup ｜ Full Match_9b24a023d3_7e5591751c21_f00015450_negative_sample/frames,41,30.0,15450,,3
nhb_19_ Belgium v Japan ｜ 2018 FIFA World Cup ｜ Full Match_9b24a023d3_7e5591751c21_f00015600_negative_sample,primary,0,native,nhb_19_ Belgium v Japan ｜ 2018 FIFA World Cup ｜ Full Match_9b24a023d3.mp4,native::nhb_19_ Belgium v Japan ｜ 2018 FIFA World Cup ｜ Full Match_9b24a023d3.mp4,,dataset/not_handball/nhb_19_ Belgium v Japan ｜ 2018 FIFA World Cup ｜ Full Match_9b24a023d3_7e5591751c21_f00015600_negative_sample/frames,41,30.0,15600,,3
nhb_19_ Belgium v Japan ｜ 2018 FIFA World Cup ｜ Full Match_9b24a023d3_7e5591751c21_f00075000_negative_sample,primary,0,native,nhb_19_ Belgium v Japan ｜ 2018 FIFA World Cup ｜ Full Match_9b24a023d3.mp4,native::nhb_19_ Belgium v Japan ｜ 2018 FIFA World Cup ｜ Full Match_9b24a023d3.mp4,,dataset/not_handball/nhb_19_ Belgium v Japan ｜ 2018 FIFA World Cup ｜ Full Match_9b24a023d3_7e5591751c21_f00075000_negative_sample/frames,41,30.0,75000,,3
nhb_19_ Belgium v Japan ｜ 2018 FIFA World Cup ｜ Full Match_9b24a023d3_7e5591751c21_f00075150_negative_sample,primary,0,native,nhb_19_ Belgium v Japan ｜ 2018 FIFA World Cup ｜ Full Match_9b24a023d3.mp4,native::nhb_19_ Belgium v Japan ｜ 2018 FIFA World Cup ｜ Full Match_9b24a023d3.mp4,,dataset/not_handball/nhb_19_ Belgium v Japan ｜ 2018 FIFA World Cup ｜ Full Match_9b24a023d3_7e5591751c21_f00075150_negative_sample/frames,41,30.0,75150,,3
nhb_19_ Belgium v Japan ｜ 2018 FIFA World Cup ｜ Full Match_9b24a023d3_7e5591751c21_f00075300_negative_sample,primary,0,native,nhb_19_ Belgium v Japan ｜ 2018 FIFA World Cup ｜ Full Match_9b24a023d3.mp4,native::nhb_19_ Belgium v Japan ｜ 2018 FIFA World Cup ｜ Full Match_9b24a023d3.mp4,,dataset/not_handball/nhb_19_ Belgium v Japan ｜ 2018 FIFA World Cup ｜ Full Match_9b24a023d3_7e5591751c21_f00075300_negative_sample/frames,41,30.0,75300,,3
nhb_19_ Belgium v Japan ｜ 2018 FIFA World Cup ｜ Full Match_9b24a023d3_7e5591751c21_f00150000_negative_sample,primary,0,native,nhb_19_ Belgium v Japan ｜ 2018 FIFA World Cup ｜ Full Match_9b24a023d3.mp4,native::nhb_19_ Belgium v Japan ｜ 2018 FIFA World Cup ｜ Full Match_9b24a023d3.mp4,,dataset/not_handball/nhb_19_ Belgium v Japan ｜ 2018 FIFA World Cup ｜ Full Match_9b24a023d3_7e5591751c21_f00150000_negative_sample/frames,41,30.0,150000,,3
nhb_19_ Belgium v Japan ｜ 2018 FIFA World Cup ｜ Full Match_9b24a023d3_7e5591751c21_f00150150_negative_sample,primary,0,native,nhb_19_ Belgium v Japan ｜ 2018 FIFA World Cup ｜ Full Match_9b24a023d3.mp4,native::nhb_19_ Belgium v Japan ｜ 2018 FIFA World Cup ｜ Full Match_9b24a023d3.mp4,,dataset/not_handball/nhb_19_ Belgium v Japan ｜ 2018 FIFA World Cup ｜ Full Match_9b24a023d3_7e5591751c21_f00150150_negative_sample/frames,41,30.0,150150,,3
nhb_20_ Netherlands v Mexico ｜ 2014 FIFA World Cup ｜ Full Match_44fc0a797a_f443b98b2e54_f00010000_negative_sample,primary,0,native,nhb_20_ Netherlands v Mexico ｜ 2014 FIFA World Cup ｜ Full Match_44fc0a797a.mp4,native::nhb_20_ Netherlands v Mexico ｜ 2014 FIFA World Cup ｜ Full Match_44fc0a797a.mp4,,dataset/not_handball/nhb_20_ Netherlands v Mexico ｜ 2014 FIFA World Cup ｜ Full Match_44fc0a797a_f443b98b2e54_f00010000_negative_sample/frames,41,25.0,10000,,0
nhb_20_ Netherlands v Mexico ｜ 2014 FIFA World Cup ｜ Full Match_44fc0a797a_f443b98b2e54_f00010125_negative_sample,primary,0,native,nhb_20_ Netherlands v Mexico ｜ 2014 FIFA World Cup ｜ Full Match_44fc0a797a.mp4,native::nhb_20_ Netherlands v Mexico ｜ 2014 FIFA World Cup ｜ Full Match_44fc0a797a.mp4,,dataset/not_handball/nhb_20_ Netherlands v Mexico ｜ 2014 FIFA World Cup ｜ Full Match_44fc0a797a_f443b98b2e54_f00010125_negative_sample/frames,41,25.0,10125,,0
nhb_20_ Netherlands v Mexico ｜ 2014 FIFA World Cup ｜ Full Match_44fc0a797a_f443b98b2e54_f00010250_negative_sample,primary,0,native,nhb_20_ Netherlands v Mexico ｜ 2014 FIFA World Cup ｜ Full Match_44fc0a797a.mp4,native::nhb_20_ Netherlands v Mexico ｜ 2014 FIFA World Cup ｜ Full Match_44fc0a797a.mp4,,dataset/not_handball/nhb_20_ Netherlands v Mexico ｜ 2014 FIFA World Cup ｜ Full Match_44fc0a797a_f443b98b2e54_f00010250_negative_sample/frames,41,25.0,10250,,0
nhb_20_ Netherlands v Mexico ｜ 2014 FIFA World Cup ｜ Full Match_44fc0a797a_f443b98b2e54_f00020000_negative_sample,primary,0,native,nhb_20_ Netherlands v Mexico ｜ 2014 FIFA World Cup ｜ Full Match_44fc0a797a.mp4,native::nhb_20_ Netherlands v Mexico ｜ 2014 FIFA World Cup ｜ Full Match_44fc0a797a.mp4,,dataset/not_handball/nhb_20_ Netherlands v Mexico ｜ 2014 FIFA World Cup ｜ Full Match_44fc0a797a_f443b98b2e54_f00020000_negative_sample/frames,41,25.0,20000,,0
nhb_20_ Netherlands v Mexico ｜ 2014 FIFA World Cup ｜ Full Match_44fc0a797a_f443b98b2e54_f00050000_negative_sample,primary,0,native,nhb_20_ Netherlands v Mexico ｜ 2014 FIFA World Cup ｜ Full Match_44fc0a797a.mp4,native::nhb_20_ Netherlands v Mexico ｜ 2014 FIFA World Cup ｜ Full Match_44fc0a797a.mp4,,dataset/not_handball/nhb_20_ Netherlands v Mexico ｜ 2014 FIFA World Cup ｜ Full Match_44fc0a797a_f443b98b2e54_f00050000_negative_sample/frames,41,25.0,50000,,0
nhb_20_ Netherlands v Mexico ｜ 2014 FIFA World Cup ｜ Full Match_44fc0a797a_f443b98b2e54_f00050125_negative_sample,primary,0,native,nhb_20_ Netherlands v Mexico ｜ 2014 FIFA World Cup ｜ Full Match_44fc0a797a.mp4,native::nhb_20_ Netherlands v Mexico ｜ 2014 FIFA World Cup ｜ Full Match_44fc0a797a.mp4,,dataset/not_handball/nhb_20_ Netherlands v Mexico ｜ 2014 FIFA World Cup ｜ Full Match_44fc0a797a_f443b98b2e54_f00050125_negative_sample/frames,41,25.0,50125,,0
nhb_20_ Netherlands v Mexico ｜ 2014 FIFA World Cup ｜ Full Match_44fc0a797a_f443b98b2e54_f00050250_negative_sample,primary,0,native,nhb_20_ Netherlands v Mexico ｜ 2014 FIFA World Cup ｜ Full Match_44fc0a797a.mp4,native::nhb_20_ Netherlands v Mexico ｜ 2014 FIFA World Cup ｜ Full Match_44fc0a797a.mp4,,dataset/not_handball/nhb_20_ Netherlands v Mexico ｜ 2014 FIFA World Cup ｜ Full Match_44fc0a797a_f443b98b2e54_f00050250_negative_sample/frames,41,25.0,50250,,0
nhb_20_ Netherlands v Mexico ｜ 2014 FIFA World Cup ｜ Full Match_44fc0a797a_f443b98b2e54_f00100125_negative_sample,primary,0,native,nhb_20_ Netherlands v Mexico ｜ 2014 FIFA World Cup ｜ Full Match_44fc0a797a.mp4,native::nhb_20_ Netherlands v Mexico ｜ 2014 FIFA World Cup ｜ Full Match_44fc0a797a.mp4,,dataset/not_handball/nhb_20_ Netherlands v Mexico ｜ 2014 FIFA World Cup ｜ Full Match_44fc0a797a_f443b98b2e54_f00100125_negative_sample/frames,41,25.0,100125,,0
nhb_20_ Netherlands v Mexico ｜ 2014 FIFA World Cup ｜ Full Match_44fc0a797a_f443b98b2e54_f00100250_negative_sample,primary,0,native,nhb_20_ Netherlands v Mexico ｜ 2014 FIFA World Cup ｜ Full Match_44fc0a797a.mp4,native::nhb_20_ Netherlands v Mexico ｜ 2014 FIFA World Cup ｜ Full Match_44fc0a797a.mp4,,dataset/not_handball/nhb_20_ Netherlands v Mexico ｜ 2014 FIFA World Cup ｜ Full Match_44fc0a797a_f443b98b2e54_f00100250_negative_sample/frames,41,25.0,100250,,0
nhb_21_ Brazil v Germany ｜ 2014 FIFA World Cup ｜ Full Match_cb30304c81_794fdae190f4_f00018300_negative_sample,primary,0,native,nhb_21_ Brazil v Germany ｜ 2014 FIFA World Cup ｜ Full Match_cb30304c81.mp4,native::nhb_21_ Brazil v Germany ｜ 2014 FIFA World Cup ｜ Full Match_cb30304c81.mp4,,dataset/not_handball/nhb_21_ Brazil v Germany ｜ 2014 FIFA World Cup ｜ Full Match_cb30304c81_794fdae190f4_f00018300_negative_sample/frames,41,30.0,18300,,4
nhb_21_ Brazil v Germany ｜ 2014 FIFA World Cup ｜ Full Match_cb30304c81_794fdae190f4_f00018450_negative_sample,primary,0,native,nhb_21_ Brazil v Germany ｜ 2014 FIFA World Cup ｜ Full Match_cb30304c81.mp4,native::nhb_21_ Brazil v Germany ｜ 2014 FIFA World Cup ｜ Full Match_cb30304c81.mp4,,dataset/not_handball/nhb_21_ Brazil v Germany ｜ 2014 FIFA World Cup ｜ Full Match_cb30304c81_794fdae190f4_f00018450_negative_sample/frames,41,30.0,18450,,4
nhb_21_ Brazil v Germany ｜ 2014 FIFA World Cup ｜ Full Match_cb30304c81_794fdae190f4_f00018600_negative_sample,primary,0,native,nhb_21_ Brazil v Germany ｜ 2014 FIFA World Cup ｜ Full Match_cb30304c81.mp4,native::nhb_21_ Brazil v Germany ｜ 2014 FIFA World Cup ｜ Full Match_cb30304c81.mp4,,dataset/not_handball/nhb_21_ Brazil v Germany ｜ 2014 FIFA World Cup ｜ Full Match_cb30304c81_794fdae190f4_f00018600_negative_sample/frames,41,30.0,18600,,4
nhb_21_ Brazil v Germany ｜ 2014 FIFA World Cup ｜ Full Match_cb30304c81_794fdae190f4_f00030300_negative_sample,primary,0,native,nhb_21_ Brazil v Germany ｜ 2014 FIFA World Cup ｜ Full Match_cb30304c81.mp4,native::nhb_21_ Brazil v Germany ｜ 2014 FIFA World Cup ｜ Full Match_cb30304c81.mp4,,dataset/not_handball/nhb_21_ Brazil v Germany ｜ 2014 FIFA World Cup ｜ Full Match_cb30304c81_794fdae190f4_f00030300_negative_sample/frames,41,30.0,30300,,4
nhb_21_ Brazil v Germany ｜ 2014 FIFA World Cup ｜ Full Match_cb30304c81_794fdae190f4_f00030450_negative_sample,primary,0,native,nhb_21_ Brazil v Germany ｜ 2014 FIFA World Cup ｜ Full Match_cb30304c81.mp4,native::nhb_21_ Brazil v Germany ｜ 2014 FIFA World Cup ｜ Full Match_cb30304c81.mp4,,dataset/not_handball/nhb_21_ Brazil v Germany ｜ 2014 FIFA World Cup ｜ Full Match_cb30304c81_794fdae190f4_f00030450_negative_sample/frames,41,30.0,30450,,4
nhb_21_ Brazil v Germany ｜ 2014 FIFA World Cup ｜ Full Match_cb30304c81_794fdae190f4_f00030600_negative_sample,primary,0,native,nhb_21_ Brazil v Germany ｜ 2014 FIFA World Cup ｜ Full Match_cb30304c81.mp4,native::nhb_21_ Brazil v Germany ｜ 2014 FIFA World Cup ｜ Full Match_cb30304c81.mp4,,dataset/not_handball/nhb_21_ Brazil v Germany ｜ 2014 FIFA World Cup ｜ Full Match_cb30304c81_794fdae190f4_f00030600_negative_sample/frames,41,30.0,30600,,4
nhb_21_ Brazil v Germany ｜ 2014 FIFA World Cup ｜ Full Match_cb30304c81_794fdae190f4_f00075000_negative_sample,primary,0,native,nhb_21_ Brazil v Germany ｜ 2014 FIFA World Cup ｜ Full Match_cb30304c81.mp4,native::nhb_21_ Brazil v Germany ｜ 2014 FIFA World Cup ｜ Full Match_cb30304c81.mp4,,dataset/not_handball/nhb_21_ Brazil v Germany ｜ 2014 FIFA World Cup ｜ Full Match_cb30304c81_794fdae190f4_f00075000_negative_sample/frames,41,30.0,75000,,4
nhb_21_ Brazil v Germany ｜ 2014 FIFA World Cup ｜ Full Match_cb30304c81_794fdae190f4_f00075300_negative_sample,primary,0,native,nhb_21_ Brazil v Germany ｜ 2014 FIFA World Cup ｜ Full Match_cb30304c81.mp4,native::nhb_21_ Brazil v Germany ｜ 2014 FIFA World Cup ｜ Full Match_cb30304c81.mp4,,dataset/not_handball/nhb_21_ Brazil v Germany ｜ 2014 FIFA World Cup ｜ Full Match_cb30304c81_794fdae190f4_f00075300_negative_sample/frames,41,30.0,75300,,4
nhb_21_ Brazil v Germany ｜ 2014 FIFA World Cup ｜ Full Match_cb30304c81_794fdae190f4_f00075450_negative_sample,primary,0,native,nhb_21_ Brazil v Germany ｜ 2014 FIFA World Cup ｜ Full Match_cb30304c81.mp4,native::nhb_21_ Brazil v Germany ｜ 2014 FIFA World Cup ｜ Full Match_cb30304c81.mp4,,dataset/not_handball/nhb_21_ Brazil v Germany ｜ 2014 FIFA World Cup ｜ Full Match_cb30304c81_794fdae190f4_f00075450_negative_sample/frames,41,30.0,75450,,4
nhb_21_ Brazil v Germany ｜ 2014 FIFA World Cup ｜ Full Match_cb30304c81_794fdae190f4_f00150000_negative_sample,primary,0,native,nhb_21_ Brazil v Germany ｜ 2014 FIFA World Cup ｜ Full Match_cb30304c81.mp4,native::nhb_21_ Brazil v Germany ｜ 2014 FIFA World Cup ｜ Full Match_cb30304c81.mp4,,dataset/not_handball/nhb_21_ Brazil v Germany ｜ 2014 FIFA World Cup ｜ Full Match_cb30304c81_794fdae190f4_f00150000_negative_sample/frames,41,30.0,150000,,4
nhb_22_ FULL MATCH： Portugal v Spain ｜ 2018 FIFA World Cup_cded18cbfe_4e54c66c5086_f00006000_negative_sample,primary,0,native,nhb_22_ FULL MATCH： Portugal v Spain ｜ 2018 FIFA World Cup_cded18cbfe.mp4,native::nhb_22_ FULL MATCH： Portugal v Spain ｜ 2018 FIFA World Cup_cded18cbfe.mp4,,dataset/not_handball/nhb_22_ FULL MATCH： Portugal v Spain ｜ 2018 FIFA World Cup_cded18cbfe_4e54c66c5086_f00006000_negative_sample/frames,41,30.0,6000,,1
nhb_22_ FULL MATCH： Portugal v Spain ｜ 2018 FIFA World Cup_cded18cbfe_4e54c66c5086_f00006150_negative_sample,primary,0,native,nhb_22_ FULL MATCH： Portugal v Spain ｜ 2018 FIFA World Cup_cded18cbfe.mp4,native::nhb_22_ FULL MATCH： Portugal v Spain ｜ 2018 FIFA World Cup_cded18cbfe.mp4,,dataset/not_handball/nhb_22_ FULL MATCH： Portugal v Spain ｜ 2018 FIFA World Cup_cded18cbfe_4e54c66c5086_f00006150_negative_sample/frames,41,30.0,6150,,1
nhb_22_ FULL MATCH： Portugal v Spain ｜ 2018 FIFA World Cup_cded18cbfe_4e54c66c5086_f00015000_negative_sample,primary,0,native,nhb_22_ FULL MATCH： Portugal v Spain ｜ 2018 FIFA World Cup_cded18cbfe.mp4,native::nhb_22_ FULL MATCH： Portugal v Spain ｜ 2018 FIFA World Cup_cded18cbfe.mp4,,dataset/not_handball/nhb_22_ FULL MATCH： Portugal v Spain ｜ 2018 FIFA World Cup_cded18cbfe_4e54c66c5086_f00015000_negative_sample/frames,41,30.0,15000,,1
nhb_22_ FULL MATCH： Portugal v Spain ｜ 2018 FIFA World Cup_cded18cbfe_4e54c66c5086_f00015150_negative_sample,primary,0,native,nhb_22_ FULL MATCH： Portugal v Spain ｜ 2018 FIFA World Cup_cded18cbfe.mp4,native::nhb_22_ FULL MATCH： Portugal v Spain ｜ 2018 FIFA World Cup_cded18cbfe.mp4,,dataset/not_handball/nhb_22_ FULL MATCH： Portugal v Spain ｜ 2018 FIFA World Cup_cded18cbfe_4e54c66c5086_f00015150_negative_sample/frames,41,30.0,15150,,1
nhb_22_ FULL MATCH： Portugal v Spain ｜ 2018 FIFA World Cup_cded18cbfe_4e54c66c5086_f00090000_negative_sample,primary,0,native,nhb_22_ FULL MATCH： Portugal v Spain ｜ 2018 FIFA World Cup_cded18cbfe.mp4,native::nhb_22_ FULL MATCH： Portugal v Spain ｜ 2018 FIFA World Cup_cded18cbfe.mp4,,dataset/not_handball/nhb_22_ FULL MATCH： Portugal v Spain ｜ 2018 FIFA World Cup_cded18cbfe_4e54c66c5086_f00090000_negative_sample/frames,41,30.0,90000,,1
nhb_22_ FULL MATCH： Portugal v Spain ｜ 2018 FIFA World Cup_cded18cbfe_4e54c66c5086_f00090150_negative_sample,primary,0,native,nhb_22_ FULL MATCH： Portugal v Spain ｜ 2018 FIFA World Cup_cded18cbfe.mp4,native::nhb_22_ FULL MATCH： Portugal v Spain ｜ 2018 FIFA World Cup_cded18cbfe.mp4,,dataset/not_handball/nhb_22_ FULL MATCH： Portugal v Spain ｜ 2018 FIFA World Cup_cded18cbfe_4e54c66c5086_f00090150_negative_sample/frames,41,30.0,90150,,1
nhb_22_ FULL MATCH： Portugal v Spain ｜ 2018 FIFA World Cup_cded18cbfe_4e54c66c5086_f00090300_negative_sample,primary,0,native,nhb_22_ FULL MATCH： Portugal v Spain ｜ 2018 FIFA World Cup_cded18cbfe.mp4,native::nhb_22_ FULL MATCH： Portugal v Spain ｜ 2018 FIFA World Cup_cded18cbfe.mp4,,dataset/not_handball/nhb_22_ FULL MATCH： Portugal v Spain ｜ 2018 FIFA World Cup_cded18cbfe_4e54c66c5086_f00090300_negative_sample/frames,41,30.0,90300,,1
nhb_22_ FULL MATCH： Portugal v Spain ｜ 2018 FIFA World Cup_cded18cbfe_4e54c66c5086_f00090450_negative_sample,primary,0,native,nhb_22_ FULL MATCH： Portugal v Spain ｜ 2018 FIFA World Cup_cded18cbfe.mp4,native::nhb_22_ FULL MATCH： Portugal v Spain ｜ 2018 FIFA World Cup_cded18cbfe.mp4,,dataset/not_handball/nhb_22_ FULL MATCH： Portugal v Spain ｜ 2018 FIFA World Cup_cded18cbfe_4e54c66c5086_f00090450_negative_sample/frames,41,30.0,90450,,1
nhb_22_ FULL MATCH： Portugal v Spain ｜ 2018 FIFA World Cup_cded18cbfe_4e54c66c5086_f00090600_negative_sample,primary,0,native,nhb_22_ FULL MATCH： Portugal v Spain ｜ 2018 FIFA World Cup_cded18cbfe.mp4,native::nhb_22_ FULL MATCH： Portugal v Spain ｜ 2018 FIFA World Cup_cded18cbfe.mp4,,dataset/not_handball/nhb_22_ FULL MATCH： Portugal v Spain ｜ 2018 FIFA World Cup_cded18cbfe_4e54c66c5086_f00090600_negative_sample/frames,41,30.0,90600,,1
nhb_23_ Germany v England ｜ 2010 FIFA World Cup ｜ Full Match_f15bb3c889_71c4b5e74531_f00007500_negative_sample,primary,0,native,nhb_23_ Germany v England ｜ 2010 FIFA World Cup ｜ Full Match_f15bb3c889.mp4,native::nhb_23_ Germany v England ｜ 2010 FIFA World Cup ｜ Full Match_f15bb3c889.mp4,,dataset/not_handball/nhb_23_ Germany v England ｜ 2010 FIFA World Cup ｜ Full Match_f15bb3c889_71c4b5e74531_f00007500_negative_sample/frames,41,25.0,7500,,2
nhb_23_ Germany v England ｜ 2010 FIFA World Cup ｜ Full Match_f15bb3c889_71c4b5e74531_f00007625_negative_sample,primary,0,native,nhb_23_ Germany v England ｜ 2010 FIFA World Cup ｜ Full Match_f15bb3c889.mp4,native::nhb_23_ Germany v England ｜ 2010 FIFA World Cup ｜ Full Match_f15bb3c889.mp4,,dataset/not_handball/nhb_23_ Germany v England ｜ 2010 FIFA World Cup ｜ Full Match_f15bb3c889_71c4b5e74531_f00007625_negative_sample/frames,41,25.0,7625,,2
nhb_23_ Germany v England ｜ 2010 FIFA World Cup ｜ Full Match_f15bb3c889_71c4b5e74531_f00025000_negative_sample,primary,0,native,nhb_23_ Germany v England ｜ 2010 FIFA World Cup ｜ Full Match_f15bb3c889.mp4,native::nhb_23_ Germany v England ｜ 2010 FIFA World Cup ｜ Full Match_f15bb3c889.mp4,,dataset/not_handball/nhb_23_ Germany v England ｜ 2010 FIFA World Cup ｜ Full Match_f15bb3c889_71c4b5e74531_f00025000_negative_sample/frames,41,25.0,25000,,2
nhb_23_ Germany v England ｜ 2010 FIFA World Cup ｜ Full Match_f15bb3c889_71c4b5e74531_f00025250_negative_sample,primary,0,native,nhb_23_ Germany v England ｜ 2010 FIFA World Cup ｜ Full Match_f15bb3c889.mp4,native::nhb_23_ Germany v England ｜ 2010 FIFA World Cup ｜ Full Match_f15bb3c889.mp4,,dataset/not_handball/nhb_23_ Germany v England ｜ 2010 FIFA World Cup ｜ Full Match_f15bb3c889_71c4b5e74531_f00025250_negative_sample/frames,41,25.0,25250,,2
nhb_23_ Germany v England ｜ 2010 FIFA World Cup ｜ Full Match_f15bb3c889_71c4b5e74531_f00025625_negative_sample,primary,0,native,nhb_23_ Germany v England ｜ 2010 FIFA World Cup ｜ Full Match_f15bb3c889.mp4,native::nhb_23_ Germany v England ｜ 2010 FIFA World Cup ｜ Full Match_f15bb3c889.mp4,,dataset/not_handball/nhb_23_ Germany v England ｜ 2010 FIFA World Cup ｜ Full Match_f15bb3c889_71c4b5e74531_f00025625_negative_sample/frames,41,25.0,25625,,2
nhb_23_ Germany v England ｜ 2010 FIFA World Cup ｜ Full Match_f15bb3c889_71c4b5e74531_f00100000_negative_sample,primary,0,native,nhb_23_ Germany v England ｜ 2010 FIFA World Cup ｜ Full Match_f15bb3c889.mp4,native::nhb_23_ Germany v England ｜ 2010 FIFA World Cup ｜ Full Match_f15bb3c889.mp4,,dataset/not_handball/nhb_23_ Germany v England ｜ 2010 FIFA World Cup ｜ Full Match_f15bb3c889_71c4b5e74531_f00100000_negative_sample/frames,41,25.0,100000,,2
nhb_23_ Germany v England ｜ 2010 FIFA World Cup ｜ Full Match_f15bb3c889_71c4b5e74531_f00100125_negative_sample,primary,0,native,nhb_23_ Germany v England ｜ 2010 FIFA World Cup ｜ Full Match_f15bb3c889.mp4,native::nhb_23_ Germany v England ｜ 2010 FIFA World Cup ｜ Full Match_f15bb3c889.mp4,,dataset/not_handball/nhb_23_ Germany v England ｜ 2010 FIFA World Cup ｜ Full Match_f15bb3c889_71c4b5e74531_f00100125_negative_sample/frames,41,25.0,100125,,2
nhb_23_ Germany v England ｜ 2010 FIFA World Cup ｜ Full Match_f15bb3c889_71c4b5e74531_f00100375_negative_sample,primary,0,native,nhb_23_ Germany v England ｜ 2010 FIFA World Cup ｜ Full Match_f15bb3c889.mp4,native::nhb_23_ Germany v England ｜ 2010 FIFA World Cup ｜ Full Match_f15bb3c889.mp4,,dataset/not_handball/nhb_23_ Germany v England ｜ 2010 FIFA World Cup ｜ Full Match_f15bb3c889_71c4b5e74531_f00100375_negative_sample/frames,41,25.0,100375,,2
nhb_23_ Germany v England ｜ 2010 FIFA World Cup ｜ Full Match_f15bb3c889_71c4b5e74531_f00125000_negative_sample,primary,0,native,nhb_23_ Germany v England ｜ 2010 FIFA World Cup ｜ Full Match_f15bb3c889.mp4,native::nhb_23_ Germany v England ｜ 2010 FIFA World Cup ｜ Full Match_f15bb3c889.mp4,,dataset/not_handball/nhb_23_ Germany v England ｜ 2010 FIFA World Cup ｜ Full Match_f15bb3c889_71c4b5e74531_f00125000_negative_sample/frames,41,25.0,125000,,2
nhb_23_ Germany v England ｜ 2010 FIFA World Cup ｜ Full Match_f15bb3c889_71c4b5e74531_f00125125_negative_sample,primary,0,native,nhb_23_ Germany v England ｜ 2010 FIFA World Cup ｜ Full Match_f15bb3c889.mp4,native::nhb_23_ Germany v England ｜ 2010 FIFA World Cup ｜ Full Match_f15bb3c889.mp4,,dataset/not_handball/nhb_23_ Germany v England ｜ 2010 FIFA World Cup ｜ Full Match_f15bb3c889_71c4b5e74531_f00125125_negative_sample/frames,41,25.0,125125,,2
nhb_24_ Brazil v Belgium ｜ 2018 FIFA World Cup ｜ Full Match_fc442ec86b_7c7adfd21974_f00024000_negative_sample,primary,0,native,nhb_24_ Brazil v Belgium ｜ 2018 FIFA World Cup ｜ Full Match_fc442ec86b.mp4,native::nhb_24_ Brazil v Belgium ｜ 2018 FIFA World Cup ｜ Full Match_fc442ec86b.mp4,,dataset/not_handball/nhb_24_ Brazil v Belgium ｜ 2018 FIFA World Cup ｜ Full Match_fc442ec86b_7c7adfd21974_f00024000_negative_sample/frames,41,30.0000045111432,24000,,4
nhb_24_ Brazil v Belgium ｜ 2018 FIFA World Cup ｜ Full Match_fc442ec86b_7c7adfd21974_f00024150_negative_sample,primary,0,native,nhb_24_ Brazil v Belgium ｜ 2018 FIFA World Cup ｜ Full Match_fc442ec86b.mp4,native::nhb_24_ Brazil v Belgium ｜ 2018 FIFA World Cup ｜ Full Match_fc442ec86b.mp4,,dataset/not_handball/nhb_24_ Brazil v Belgium ｜ 2018 FIFA World Cup ｜ Full Match_fc442ec86b_7c7adfd21974_f00024150_negative_sample/frames,41,30.0000045111432,24150,,4
nhb_24_ Brazil v Belgium ｜ 2018 FIFA World Cup ｜ Full Match_fc442ec86b_7c7adfd21974_f00024300_negative_sample,primary,0,native,nhb_24_ Brazil v Belgium ｜ 2018 FIFA World Cup ｜ Full Match_fc442ec86b.mp4,native::nhb_24_ Brazil v Belgium ｜ 2018 FIFA World Cup ｜ Full Match_fc442ec86b.mp4,,dataset/not_handball/nhb_24_ Brazil v Belgium ｜ 2018 FIFA World Cup ｜ Full Match_fc442ec86b_7c7adfd21974_f00024300_negative_sample/frames,41,30.0000045111432,24300,,4
nhb_24_ Brazil v Belgium ｜ 2018 FIFA World Cup ｜ Full Match_fc442ec86b_7c7adfd21974_f00024450_negative_sample,primary,0,native,nhb_24_ Brazil v Belgium ｜ 2018 FIFA World Cup ｜ Full Match_fc442ec86b.mp4,native::nhb_24_ Brazil v Belgium ｜ 2018 FIFA World Cup ｜ Full Match_fc442ec86b.mp4,,dataset/not_handball/nhb_24_ Brazil v Belgium ｜ 2018 FIFA World Cup ｜ Full Match_fc442ec86b_7c7adfd21974_f00024450_negative_sample/frames,41,30.0000045111432,24450,,4
nhb_24_ Brazil v Belgium ｜ 2018 FIFA World Cup ｜ Full Match_fc442ec86b_7c7adfd21974_f00075000_negative_sample,primary,0,native,nhb_24_ Brazil v Belgium ｜ 2018 FIFA World Cup ｜ Full Match_fc442ec86b.mp4,native::nhb_24_ Brazil v Belgium ｜ 2018 FIFA World Cup ｜ Full Match_fc442ec86b.mp4,,dataset/not_handball/nhb_24_ Brazil v Belgium ｜ 2018 FIFA World Cup ｜ Full Match_fc442ec86b_7c7adfd21974_f00075000_negative_sample/frames,41,30.0000045111432,75000,,4
nhb_24_ Brazil v Belgium ｜ 2018 FIFA World Cup ｜ Full Match_fc442ec86b_7c7adfd21974_f00075150_negative_sample,primary,0,native,nhb_24_ Brazil v Belgium ｜ 2018 FIFA World Cup ｜ Full Match_fc442ec86b.mp4,native::nhb_24_ Brazil v Belgium ｜ 2018 FIFA World Cup ｜ Full Match_fc442ec86b.mp4,,dataset/not_handball/nhb_24_ Brazil v Belgium ｜ 2018 FIFA World Cup ｜ Full Match_fc442ec86b_7c7adfd21974_f00075150_negative_sample/frames,41,30.0000045111432,75150,,4
nhb_24_ Brazil v Belgium ｜ 2018 FIFA World Cup ｜ Full Match_fc442ec86b_7c7adfd21974_f00150300_negative_sample,primary,0,native,nhb_24_ Brazil v Belgium ｜ 2018 FIFA World Cup ｜ Full Match_fc442ec86b.mp4,native::nhb_24_ Brazil v Belgium ｜ 2018 FIFA World Cup ｜ Full Match_fc442ec86b.mp4,,dataset/not_handball/nhb_24_ Brazil v Belgium ｜ 2018 FIFA World Cup ｜ Full Match_fc442ec86b_7c7adfd21974_f00150300_negative_sample/frames,41,30.0000045111432,150300,,4
nhb_24_ Brazil v Belgium ｜ 2018 FIFA World Cup ｜ Full Match_fc442ec86b_7c7adfd21974_f00150750_negative_sample,primary,0,native,nhb_24_ Brazil v Belgium ｜ 2018 FIFA World Cup ｜ Full Match_fc442ec86b.mp4,native::nhb_24_ Brazil v Belgium ｜ 2018 FIFA World Cup ｜ Full Match_fc442ec86b.mp4,,dataset/not_handball/nhb_24_ Brazil v Belgium ｜ 2018 FIFA World Cup ｜ Full Match_fc442ec86b_7c7adfd21974_f00150750_negative_sample/frames,41,30.0000045111432,150750,,4
nhb_25_ Brazil v France ｜ 2006 FIFA World Cup ｜ Full Match_4c47d25670_6844eec53c15_f00008991_negative_sample,primary,0,native,nhb_25_ Brazil v France ｜ 2006 FIFA World Cup ｜ Full Match_4c47d25670.mp4,native::nhb_25_ Brazil v France ｜ 2006 FIFA World Cup ｜ Full Match_4c47d25670.mp4,,dataset/not_handball/nhb_25_ Brazil v France ｜ 2006 FIFA World Cup ｜ Full Match_4c47d25670_6844eec53c15_f00008991_negative_sample/frames,41,29.970030448222147,8991,,3
nhb_25_ Brazil v France ｜ 2006 FIFA World Cup ｜ Full Match_4c47d25670_6844eec53c15_f00009141_negative_sample,primary,0,native,nhb_25_ Brazil v France ｜ 2006 FIFA World Cup ｜ Full Match_4c47d25670.mp4,native::nhb_25_ Brazil v France ｜ 2006 FIFA World Cup ｜ Full Match_4c47d25670.mp4,,dataset/not_handball/nhb_25_ Brazil v France ｜ 2006 FIFA World Cup ｜ Full Match_4c47d25670_6844eec53c15_f00009141_negative_sample/frames,41,29.970030448222147,9141,,3
nhb_26_ IMPOSSIBLE Goalkeeper Saves in Football_adc3ff0be7_daf38afac8a1_f00000620_negative_sample,primary,0,native,nhb_26_ IMPOSSIBLE Goalkeeper Saves in Football_adc3ff0be7.mp4,native::nhb_26_ IMPOSSIBLE Goalkeeper Saves in Football_adc3ff0be7.mp4,,dataset/not_handball/nhb_26_ IMPOSSIBLE Goalkeeper Saves in Football_adc3ff0be7_daf38afac8a1_f00000620_negative_sample/frames,41,60.0,620,,1
nhb_26_ IMPOSSIBLE Goalkeeper Saves in Football_adc3ff0be7_daf38afac8a1_f00000920_negative_sample,primary,0,native,nhb_26_ IMPOSSIBLE Goalkeeper Saves in Football_adc3ff0be7.mp4,native::nhb_26_ IMPOSSIBLE Goalkeeper Saves in Football_adc3ff0be7.mp4,,dataset/not_handball/nhb_26_ IMPOSSIBLE Goalkeeper Saves in Football_adc3ff0be7_daf38afac8a1_f00000920_negative_sample/frames,41,60.0,920,,1
nhb_26_ IMPOSSIBLE Goalkeeper Saves in Football_adc3ff0be7_daf38afac8a1_f00003600_negative_sample,primary,0,native,nhb_26_ IMPOSSIBLE Goalkeeper Saves in Football_adc3ff0be7.mp4,native::nhb_26_ IMPOSSIBLE Goalkeeper Saves in Football_adc3ff0be7.mp4,,dataset/not_handball/nhb_26_ IMPOSSIBLE Goalkeeper Saves in Football_adc3ff0be7_daf38afac8a1_f00003600_negative_sample/frames,41,60.0,3600,,1
nhb_26_ IMPOSSIBLE Goalkeeper Saves in Football_adc3ff0be7_daf38afac8a1_f00003900_negative_sample,primary,0,native,nhb_26_ IMPOSSIBLE Goalkeeper Saves in Football_adc3ff0be7.mp4,native::nhb_26_ IMPOSSIBLE Goalkeeper Saves in Football_adc3ff0be7.mp4,,dataset/not_handball/nhb_26_ IMPOSSIBLE Goalkeeper Saves in Football_adc3ff0be7_daf38afac8a1_f00003900_negative_sample/frames,41,60.0,3900,,1
nhb_26_ IMPOSSIBLE Goalkeeper Saves in Football_adc3ff0be7_daf38afac8a1_f00005700_negative_sample,primary,0,native,nhb_26_ IMPOSSIBLE Goalkeeper Saves in Football_adc3ff0be7.mp4,native::nhb_26_ IMPOSSIBLE Goalkeeper Saves in Football_adc3ff0be7.mp4,,dataset/not_handball/nhb_26_ IMPOSSIBLE Goalkeeper Saves in Football_adc3ff0be7_daf38afac8a1_f00005700_negative_sample/frames,41,60.0,5700,,1
nhb_26_ IMPOSSIBLE Goalkeeper Saves in Football_adc3ff0be7_daf38afac8a1_f00006600_negative_sample,primary,0,native,nhb_26_ IMPOSSIBLE Goalkeeper Saves in Football_adc3ff0be7.mp4,native::nhb_26_ IMPOSSIBLE Goalkeeper Saves in Football_adc3ff0be7.mp4,,dataset/not_handball/nhb_26_ IMPOSSIBLE Goalkeeper Saves in Football_adc3ff0be7_daf38afac8a1_f00006600_negative_sample/frames,41,60.0,6600,,1
nhb_26_ IMPOSSIBLE Goalkeeper Saves in Football_adc3ff0be7_daf38afac8a1_f00007500_negative_sample,primary,0,native,nhb_26_ IMPOSSIBLE Goalkeeper Saves in Football_adc3ff0be7.mp4,native::nhb_26_ IMPOSSIBLE Goalkeeper Saves in Football_adc3ff0be7.mp4,,dataset/not_handball/nhb_26_ IMPOSSIBLE Goalkeeper Saves in Football_adc3ff0be7_daf38afac8a1_f00007500_negative_sample/frames,41,60.0,7500,,1
nhb_26_ IMPOSSIBLE Goalkeeper Saves in Football_adc3ff0be7_daf38afac8a1_f00009600_negative_sample,primary,0,native,nhb_26_ IMPOSSIBLE Goalkeeper Saves in Football_adc3ff0be7.mp4,native::nhb_26_ IMPOSSIBLE Goalkeeper Saves in Football_adc3ff0be7.mp4,,dataset/not_handball/nhb_26_ IMPOSSIBLE Goalkeeper Saves in Football_adc3ff0be7_daf38afac8a1_f00009600_negative_sample/frames,41,60.0,9600,,1
nhb_26_ IMPOSSIBLE Goalkeeper Saves in Football_adc3ff0be7_daf38afac8a1_f00010200_negative_sample,primary,0,native,nhb_26_ IMPOSSIBLE Goalkeeper Saves in Football_adc3ff0be7.mp4,native::nhb_26_ IMPOSSIBLE Goalkeeper Saves in Football_adc3ff0be7.mp4,,dataset/not_handball/nhb_26_ IMPOSSIBLE Goalkeeper Saves in Football_adc3ff0be7_daf38afac8a1_f00010200_negative_sample/frames,41,60.0,10200,,1
nhb_26_ IMPOSSIBLE Goalkeeper Saves in Football_adc3ff0be7_daf38afac8a1_f00011100_negative_sample,primary,0,native,nhb_26_ IMPOSSIBLE Goalkeeper Saves in Football_adc3ff0be7.mp4,native::nhb_26_ IMPOSSIBLE Goalkeeper Saves in Football_adc3ff0be7.mp4,,dataset/not_handball/nhb_26_ IMPOSSIBLE Goalkeeper Saves in Football_adc3ff0be7_daf38afac8a1_f00011100_negative_sample/frames,41,60.0,11100,,1
nhb_26_ IMPOSSIBLE Goalkeeper Saves in Football_adc3ff0be7_daf38afac8a1_f00011400_negative_sample,primary,0,native,nhb_26_ IMPOSSIBLE Goalkeeper Saves in Football_adc3ff0be7.mp4,native::nhb_26_ IMPOSSIBLE Goalkeeper Saves in Football_adc3ff0be7.mp4,,dataset/not_handball/nhb_26_ IMPOSSIBLE Goalkeeper Saves in Football_adc3ff0be7_daf38afac8a1_f00011400_negative_sample/frames,41,60.0,11400,,1
nhb_26_ IMPOSSIBLE Goalkeeper Saves in Football_adc3ff0be7_daf38afac8a1_f00012300_negative_sample,primary,0,native,nhb_26_ IMPOSSIBLE Goalkeeper Saves in Football_adc3ff0be7.mp4,native::nhb_26_ IMPOSSIBLE Goalkeeper Saves in Football_adc3ff0be7.mp4,,dataset/not_handball/nhb_26_ IMPOSSIBLE Goalkeeper Saves in Football_adc3ff0be7_daf38afac8a1_f00012300_negative_sample/frames,41,60.0,12300,,1
nhb_26_ IMPOSSIBLE Goalkeeper Saves in Football_adc3ff0be7_daf38afac8a1_f00012900_negative_sample,primary,0,native,nhb_26_ IMPOSSIBLE Goalkeeper Saves in Football_adc3ff0be7.mp4,native::nhb_26_ IMPOSSIBLE Goalkeeper Saves in Football_adc3ff0be7.mp4,,dataset/not_handball/nhb_26_ IMPOSSIBLE Goalkeeper Saves in Football_adc3ff0be7_daf38afac8a1_f00012900_negative_sample/frames,41,60.0,12900,,1
nhb_26_ IMPOSSIBLE Goalkeeper Saves in Football_adc3ff0be7_daf38afac8a1_f00013500_negative_sample,primary,0,native,nhb_26_ IMPOSSIBLE Goalkeeper Saves in Football_adc3ff0be7.mp4,native::nhb_26_ IMPOSSIBLE Goalkeeper Saves in Football_adc3ff0be7.mp4,,dataset/not_handball/nhb_26_ IMPOSSIBLE Goalkeeper Saves in Football_adc3ff0be7_daf38afac8a1_f00013500_negative_sample/frames,41,60.0,13500,,1
nhb_26_ IMPOSSIBLE Goalkeeper Saves in Football_adc3ff0be7_daf38afac8a1_f00014700_negative_sample,primary,0,native,nhb_26_ IMPOSSIBLE Goalkeeper Saves in Football_adc3ff0be7.mp4,native::nhb_26_ IMPOSSIBLE Goalkeeper Saves in Football_adc3ff0be7.mp4,,dataset/not_handball/nhb_26_ IMPOSSIBLE Goalkeeper Saves in Football_adc3ff0be7_daf38afac8a1_f00014700_negative_sample/frames,41,60.0,14700,,1
nhb_26_ IMPOSSIBLE Goalkeeper Saves in Football_adc3ff0be7_daf38afac8a1_f00015600_negative_sample,primary,0,native,nhb_26_ IMPOSSIBLE Goalkeeper Saves in Football_adc3ff0be7.mp4,native::nhb_26_ IMPOSSIBLE Goalkeeper Saves in Football_adc3ff0be7.mp4,,dataset/not_handball/nhb_26_ IMPOSSIBLE Goalkeeper Saves in Football_adc3ff0be7_daf38afac8a1_f00015600_negative_sample/frames,41,60.0,15600,,1
nhb_26_ IMPOSSIBLE Goalkeeper Saves in Football_adc3ff0be7_daf38afac8a1_f00018900_negative_sample,primary,0,native,nhb_26_ IMPOSSIBLE Goalkeeper Saves in Football_adc3ff0be7.mp4,native::nhb_26_ IMPOSSIBLE Goalkeeper Saves in Football_adc3ff0be7.mp4,,dataset/not_handball/nhb_26_ IMPOSSIBLE Goalkeeper Saves in Football_adc3ff0be7_daf38afac8a1_f00018900_negative_sample/frames,41,60.0,18900,,1
nhb_26_ IMPOSSIBLE Goalkeeper Saves in Football_adc3ff0be7_daf38afac8a1_f00019200_negative_sample,primary,0,native,nhb_26_ IMPOSSIBLE Goalkeeper Saves in Football_adc3ff0be7.mp4,native::nhb_26_ IMPOSSIBLE Goalkeeper Saves in Football_adc3ff0be7.mp4,,dataset/not_handball/nhb_26_ IMPOSSIBLE Goalkeeper Saves in Football_adc3ff0be7_daf38afac8a1_f00019200_negative_sample/frames,41,60.0,19200,,1
nhb_26_ IMPOSSIBLE Goalkeeper Saves in Football_adc3ff0be7_daf38afac8a1_f00019500_negative_sample,primary,0,native,nhb_26_ IMPOSSIBLE Goalkeeper Saves in Football_adc3ff0be7.mp4,native::nhb_26_ IMPOSSIBLE Goalkeeper Saves in Football_adc3ff0be7.mp4,,dataset/not_handball/nhb_26_ IMPOSSIBLE Goalkeeper Saves in Football_adc3ff0be7_daf38afac8a1_f00019500_negative_sample/frames,41,60.0,19500,,1
nhb_26_ IMPOSSIBLE Goalkeeper Saves in Football_adc3ff0be7_daf38afac8a1_f00019800_negative_sample,primary,0,native,nhb_26_ IMPOSSIBLE Goalkeeper Saves in Football_adc3ff0be7.mp4,native::nhb_26_ IMPOSSIBLE Goalkeeper Saves in Football_adc3ff0be7.mp4,,dataset/not_handball/nhb_26_ IMPOSSIBLE Goalkeeper Saves in Football_adc3ff0be7_daf38afac8a1_f00019800_negative_sample/frames,41,60.0,19800,,1
nhb_27_ FULL MATCH： Japan v Spain ｜ 2022 FIFA World Cup_25b156cfc1_70907c7ef2b0_f00018300_negative_sample,primary,0,native,nhb_27_ FULL MATCH： Japan v Spain ｜ 2022 FIFA World Cup_25b156cfc1.mp4,native::nhb_27_ FULL MATCH： Japan v Spain ｜ 2022 FIFA World Cup_25b156cfc1.mp4,,dataset/not_handball/nhb_27_ FULL MATCH： Japan v Spain ｜ 2022 FIFA World Cup_25b156cfc1_70907c7ef2b0_f00018300_negative_sample/frames,41,30.0,18300,,3
nhb_27_ FULL MATCH： Japan v Spain ｜ 2022 FIFA World Cup_25b156cfc1_70907c7ef2b0_f00018450_negative_sample,primary,0,native,nhb_27_ FULL MATCH： Japan v Spain ｜ 2022 FIFA World Cup_25b156cfc1.mp4,native::nhb_27_ FULL MATCH： Japan v Spain ｜ 2022 FIFA World Cup_25b156cfc1.mp4,,dataset/not_handball/nhb_27_ FULL MATCH： Japan v Spain ｜ 2022 FIFA World Cup_25b156cfc1_70907c7ef2b0_f00018450_negative_sample/frames,41,30.0,18450,,3
nhb_27_ FULL MATCH： Japan v Spain ｜ 2022 FIFA World Cup_25b156cfc1_70907c7ef2b0_f00018600_negative_sample,primary,0,native,nhb_27_ FULL MATCH： Japan v Spain ｜ 2022 FIFA World Cup_25b156cfc1.mp4,native::nhb_27_ FULL MATCH： Japan v Spain ｜ 2022 FIFA World Cup_25b156cfc1.mp4,,dataset/not_handball/nhb_27_ FULL MATCH： Japan v Spain ｜ 2022 FIFA World Cup_25b156cfc1_70907c7ef2b0_f00018600_negative_sample/frames,41,30.0,18600,,3
nhb_27_ FULL MATCH： Japan v Spain ｜ 2022 FIFA World Cup_25b156cfc1_70907c7ef2b0_f00090300_negative_sample,primary,0,native,nhb_27_ FULL MATCH： Japan v Spain ｜ 2022 FIFA World Cup_25b156cfc1.mp4,native::nhb_27_ FULL MATCH： Japan v Spain ｜ 2022 FIFA World Cup_25b156cfc1.mp4,,dataset/not_handball/nhb_27_ FULL MATCH： Japan v Spain ｜ 2022 FIFA World Cup_25b156cfc1_70907c7ef2b0_f00090300_negative_sample/frames,41,30.0,90300,,3
nhb_27_ FULL MATCH： Japan v Spain ｜ 2022 FIFA World Cup_25b156cfc1_70907c7ef2b0_f00090450_negative_sample,primary,0,native,nhb_27_ FULL MATCH： Japan v Spain ｜ 2022 FIFA World Cup_25b156cfc1.mp4,native::nhb_27_ FULL MATCH： Japan v Spain ｜ 2022 FIFA World Cup_25b156cfc1.mp4,,dataset/not_handball/nhb_27_ FULL MATCH： Japan v Spain ｜ 2022 FIFA World Cup_25b156cfc1_70907c7ef2b0_f00090450_negative_sample/frames,41,30.0,90450,,3
nhb_27_ FULL MATCH： Japan v Spain ｜ 2022 FIFA World Cup_25b156cfc1_70907c7ef2b0_f00090600_negative_sample,primary,0,native,nhb_27_ FULL MATCH： Japan v Spain ｜ 2022 FIFA World Cup_25b156cfc1.mp4,native::nhb_27_ FULL MATCH： Japan v Spain ｜ 2022 FIFA World Cup_25b156cfc1.mp4,,dataset/not_handball/nhb_27_ FULL MATCH： Japan v Spain ｜ 2022 FIFA World Cup_25b156cfc1_70907c7ef2b0_f00090600_negative_sample/frames,41,30.0,90600,,3
nhb_27_ FULL MATCH： Japan v Spain ｜ 2022 FIFA World Cup_25b156cfc1_70907c7ef2b0_f00090750_negative_sample,primary,0,native,nhb_27_ FULL MATCH： Japan v Spain ｜ 2022 FIFA World Cup_25b156cfc1.mp4,native::nhb_27_ FULL MATCH： Japan v Spain ｜ 2022 FIFA World Cup_25b156cfc1.mp4,,dataset/not_handball/nhb_27_ FULL MATCH： Japan v Spain ｜ 2022 FIFA World Cup_25b156cfc1_70907c7ef2b0_f00090750_negative_sample/frames,41,30.0,90750,,3
nhb_27_ FULL MATCH： Japan v Spain ｜ 2022 FIFA World Cup_25b156cfc1_70907c7ef2b0_f00150000_negative_sample,primary,0,native,nhb_27_ FULL MATCH： Japan v Spain ｜ 2022 FIFA World Cup_25b156cfc1.mp4,native::nhb_27_ FULL MATCH： Japan v Spain ｜ 2022 FIFA World Cup_25b156cfc1.mp4,,dataset/not_handball/nhb_27_ FULL MATCH： Japan v Spain ｜ 2022 FIFA World Cup_25b156cfc1_70907c7ef2b0_f00150000_negative_sample/frames,41,30.0,150000,,3
nhb_28_ FULL MATCH： Germany v Korea Republic ｜ 2018 FIFA World Cup_28935528d9_d755db229c9f_f00007800_negative_sample,primary,0,native,nhb_28_ FULL MATCH： Germany v Korea Republic ｜ 2018 FIFA World Cup_28935528d9.mp4,native::nhb_28_ FULL MATCH： Germany v Korea Republic ｜ 2018 FIFA World Cup_28935528d9.mp4,,dataset/not_handball/nhb_28_ FULL MATCH： Germany v Korea Republic ｜ 2018 FIFA World Cup_28935528d9_d755db229c9f_f00007800_negative_sample/frames,41,30.0,7800,,2
nhb_28_ FULL MATCH： Germany v Korea Republic ｜ 2018 FIFA World Cup_28935528d9_d755db229c9f_f00007950_negative_sample,primary,0,native,nhb_28_ FULL MATCH： Germany v Korea Republic ｜ 2018 FIFA World Cup_28935528d9.mp4,native::nhb_28_ FULL MATCH： Germany v Korea Republic ｜ 2018 FIFA World Cup_28935528d9.mp4,,dataset/not_handball/nhb_28_ FULL MATCH： Germany v Korea Republic ｜ 2018 FIFA World Cup_28935528d9_d755db229c9f_f00007950_negative_sample/frames,41,30.0,7950,,2
nhb_28_ FULL MATCH： Germany v Korea Republic ｜ 2018 FIFA World Cup_28935528d9_d755db229c9f_f00015000_negative_sample,primary,0,native,nhb_28_ FULL MATCH： Germany v Korea Republic ｜ 2018 FIFA World Cup_28935528d9.mp4,native::nhb_28_ FULL MATCH： Germany v Korea Republic ｜ 2018 FIFA World Cup_28935528d9.mp4,,dataset/not_handball/nhb_28_ FULL MATCH： Germany v Korea Republic ｜ 2018 FIFA World Cup_28935528d9_d755db229c9f_f00015000_negative_sample/frames,41,30.0,15000,,2
nhb_28_ FULL MATCH： Germany v Korea Republic ｜ 2018 FIFA World Cup_28935528d9_d755db229c9f_f00024450_negative_sample,primary,0,native,nhb_28_ FULL MATCH： Germany v Korea Republic ｜ 2018 FIFA World Cup_28935528d9.mp4,native::nhb_28_ FULL MATCH： Germany v Korea Republic ｜ 2018 FIFA World Cup_28935528d9.mp4,,dataset/not_handball/nhb_28_ FULL MATCH： Germany v Korea Republic ｜ 2018 FIFA World Cup_28935528d9_d755db229c9f_f00024450_negative_sample/frames,41,30.0,24450,,2
nhb_28_ FULL MATCH： Germany v Korea Republic ｜ 2018 FIFA World Cup_28935528d9_d755db229c9f_f00105000_negative_sample,primary,0,native,nhb_28_ FULL MATCH： Germany v Korea Republic ｜ 2018 FIFA World Cup_28935528d9.mp4,native::nhb_28_ FULL MATCH： Germany v Korea Republic ｜ 2018 FIFA World Cup_28935528d9.mp4,,dataset/not_handball/nhb_28_ FULL MATCH： Germany v Korea Republic ｜ 2018 FIFA World Cup_28935528d9_d755db229c9f_f00105000_negative_sample/frames,41,30.0,105000,,2
nhb_28_ FULL MATCH： Germany v Korea Republic ｜ 2018 FIFA World Cup_28935528d9_d755db229c9f_f00105150_negative_sample,primary,0,native,nhb_28_ FULL MATCH： Germany v Korea Republic ｜ 2018 FIFA World Cup_28935528d9.mp4,native::nhb_28_ FULL MATCH： Germany v Korea Republic ｜ 2018 FIFA World Cup_28935528d9.mp4,,dataset/not_handball/nhb_28_ FULL MATCH： Germany v Korea Republic ｜ 2018 FIFA World Cup_28935528d9_d755db229c9f_f00105150_negative_sample/frames,41,30.0,105150,,2
nhb_28_ FULL MATCH： Germany v Korea Republic ｜ 2018 FIFA World Cup_28935528d9_d755db229c9f_f00105300_negative_sample,primary,0,native,nhb_28_ FULL MATCH： Germany v Korea Republic ｜ 2018 FIFA World Cup_28935528d9.mp4,native::nhb_28_ FULL MATCH： Germany v Korea Republic ｜ 2018 FIFA World Cup_28935528d9.mp4,,dataset/not_handball/nhb_28_ FULL MATCH： Germany v Korea Republic ｜ 2018 FIFA World Cup_28935528d9_d755db229c9f_f00105300_negative_sample/frames,41,30.0,105300,,2
nhb_28_ FULL MATCH： Germany v Korea Republic ｜ 2018 FIFA World Cup_28935528d9_d755db229c9f_f00105450_negative_sample,primary,0,native,nhb_28_ FULL MATCH： Germany v Korea Republic ｜ 2018 FIFA World Cup_28935528d9.mp4,native::nhb_28_ FULL MATCH： Germany v Korea Republic ｜ 2018 FIFA World Cup_28935528d9.mp4,,dataset/not_handball/nhb_28_ FULL MATCH： Germany v Korea Republic ｜ 2018 FIFA World Cup_28935528d9_d755db229c9f_f00105450_negative_sample/frames,41,30.0,105450,,2
nhb_29_ FULL MATCH： England v Portugal ｜ 2006 FIFA World Cup_58c42cbb49_601c8adc948b_f00015150_negative_sample,primary,0,native,nhb_29_ FULL MATCH： England v Portugal ｜ 2006 FIFA World Cup_58c42cbb49.mp4,native::nhb_29_ FULL MATCH： England v Portugal ｜ 2006 FIFA World Cup_58c42cbb49.mp4,,dataset/not_handball/nhb_29_ FULL MATCH： England v Portugal ｜ 2006 FIFA World Cup_58c42cbb49_601c8adc948b_f00015150_negative_sample/frames,41,30.0,15150,,3
nhb_29_ FULL MATCH： England v Portugal ｜ 2006 FIFA World Cup_58c42cbb49_601c8adc948b_f00015300_negative_sample,primary,0,native,nhb_29_ FULL MATCH： England v Portugal ｜ 2006 FIFA World Cup_58c42cbb49.mp4,native::nhb_29_ FULL MATCH： England v Portugal ｜ 2006 FIFA World Cup_58c42cbb49.mp4,,dataset/not_handball/nhb_29_ FULL MATCH： England v Portugal ｜ 2006 FIFA World Cup_58c42cbb49_601c8adc948b_f00015300_negative_sample/frames,41,30.0,15300,,3
nhb_29_ FULL MATCH： England v Portugal ｜ 2006 FIFA World Cup_58c42cbb49_601c8adc948b_f00015450_negative_sample,primary,0,native,nhb_29_ FULL MATCH： England v Portugal ｜ 2006 FIFA World Cup_58c42cbb49.mp4,native::nhb_29_ FULL MATCH： England v Portugal ｜ 2006 FIFA World Cup_58c42cbb49.mp4,,dataset/not_handball/nhb_29_ FULL MATCH： England v Portugal ｜ 2006 FIFA World Cup_58c42cbb49_601c8adc948b_f00015450_negative_sample/frames,41,30.0,15450,,3
nhb_29_ FULL MATCH： England v Portugal ｜ 2006 FIFA World Cup_58c42cbb49_601c8adc948b_f00015600_negative_sample,primary,0,native,nhb_29_ FULL MATCH： England v Portugal ｜ 2006 FIFA World Cup_58c42cbb49.mp4,native::nhb_29_ FULL MATCH： England v Portugal ｜ 2006 FIFA World Cup_58c42cbb49.mp4,,dataset/not_handball/nhb_29_ FULL MATCH： England v Portugal ｜ 2006 FIFA World Cup_58c42cbb49_601c8adc948b_f00015600_negative_sample/frames,41,30.0,15600,,3
nhb_29_ FULL MATCH： England v Portugal ｜ 2006 FIFA World Cup_58c42cbb49_601c8adc948b_f00015750_negative_sample,primary,0,native,nhb_29_ FULL MATCH： England v Portugal ｜ 2006 FIFA World Cup_58c42cbb49.mp4,native::nhb_29_ FULL MATCH： England v Portugal ｜ 2006 FIFA World Cup_58c42cbb49.mp4,,dataset/not_handball/nhb_29_ FULL MATCH： England v Portugal ｜ 2006 FIFA World Cup_58c42cbb49_601c8adc948b_f00015750_negative_sample/frames,41,30.0,15750,,3
nhb_29_ FULL MATCH： England v Portugal ｜ 2006 FIFA World Cup_58c42cbb49_601c8adc948b_f00015900_negative_sample,primary,0,native,nhb_29_ FULL MATCH： England v Portugal ｜ 2006 FIFA World Cup_58c42cbb49.mp4,native::nhb_29_ FULL MATCH： England v Portugal ｜ 2006 FIFA World Cup_58c42cbb49.mp4,,dataset/not_handball/nhb_29_ FULL MATCH： England v Portugal ｜ 2006 FIFA World Cup_58c42cbb49_601c8adc948b_f00015900_negative_sample/frames,41,30.0,15900,,3
nhb_29_ FULL MATCH： England v Portugal ｜ 2006 FIFA World Cup_58c42cbb49_601c8adc948b_f00090150_negative_sample,primary,0,native,nhb_29_ FULL MATCH： England v Portugal ｜ 2006 FIFA World Cup_58c42cbb49.mp4,native::nhb_29_ FULL MATCH： England v Portugal ｜ 2006 FIFA World Cup_58c42cbb49.mp4,,dataset/not_handball/nhb_29_ FULL MATCH： England v Portugal ｜ 2006 FIFA World Cup_58c42cbb49_601c8adc948b_f00090150_negative_sample/frames,41,30.0,90150,,3
nhb_29_ FULL MATCH： England v Portugal ｜ 2006 FIFA World Cup_58c42cbb49_601c8adc948b_f00090300_negative_sample,primary,0,native,nhb_29_ FULL MATCH： England v Portugal ｜ 2006 FIFA World Cup_58c42cbb49.mp4,native::nhb_29_ FULL MATCH： England v Portugal ｜ 2006 FIFA World Cup_58c42cbb49.mp4,,dataset/not_handball/nhb_29_ FULL MATCH： England v Portugal ｜ 2006 FIFA World Cup_58c42cbb49_601c8adc948b_f00090300_negative_sample/frames,41,30.0,90300,,3
nhb_29_ FULL MATCH： England v Portugal ｜ 2006 FIFA World Cup_58c42cbb49_601c8adc948b_f00090450_negative_sample,primary,0,native,nhb_29_ FULL MATCH： England v Portugal ｜ 2006 FIFA World Cup_58c42cbb49.mp4,native::nhb_29_ FULL MATCH： England v Portugal ｜ 2006 FIFA World Cup_58c42cbb49.mp4,,dataset/not_handball/nhb_29_ FULL MATCH： England v Portugal ｜ 2006 FIFA World Cup_58c42cbb49_601c8adc948b_f00090450_negative_sample/frames,41,30.0,90450,,3
nhb_29_ FULL MATCH： England v Portugal ｜ 2006 FIFA World Cup_58c42cbb49_601c8adc948b_f00090600_negative_sample,primary,0,native,nhb_29_ FULL MATCH： England v Portugal ｜ 2006 FIFA World Cup_58c42cbb49.mp4,native::nhb_29_ FULL MATCH： England v Portugal ｜ 2006 FIFA World Cup_58c42cbb49.mp4,,dataset/not_handball/nhb_29_ FULL MATCH： England v Portugal ｜ 2006 FIFA World Cup_58c42cbb49_601c8adc948b_f00090600_negative_sample/frames,41,30.0,90600,,3
nhb_29_ FULL MATCH： England v Portugal ｜ 2006 FIFA World Cup_58c42cbb49_601c8adc948b_f00120000_negative_sample,primary,0,native,nhb_29_ FULL MATCH： England v Portugal ｜ 2006 FIFA World Cup_58c42cbb49.mp4,native::nhb_29_ FULL MATCH： England v Portugal ｜ 2006 FIFA World Cup_58c42cbb49.mp4,,dataset/not_handball/nhb_29_ FULL MATCH： England v Portugal ｜ 2006 FIFA World Cup_58c42cbb49_601c8adc948b_f00120000_negative_sample/frames,41,30.0,120000,,3
nhb_29_ FULL MATCH： England v Portugal ｜ 2006 FIFA World Cup_58c42cbb49_601c8adc948b_f00120600_negative_sample,primary,0,native,nhb_29_ FULL MATCH： England v Portugal ｜ 2006 FIFA World Cup_58c42cbb49.mp4,native::nhb_29_ FULL MATCH： England v Portugal ｜ 2006 FIFA World Cup_58c42cbb49.mp4,,dataset/not_handball/nhb_29_ FULL MATCH： England v Portugal ｜ 2006 FIFA World Cup_58c42cbb49_601c8adc948b_f00120600_negative_sample/frames,41,30.0,120600,,3
nhb_29_ FULL MATCH： England v Portugal ｜ 2006 FIFA World Cup_58c42cbb49_601c8adc948b_f00120750_negative_sample,primary,0,native,nhb_29_ FULL MATCH： England v Portugal ｜ 2006 FIFA World Cup_58c42cbb49.mp4,native::nhb_29_ FULL MATCH： England v Portugal ｜ 2006 FIFA World Cup_58c42cbb49.mp4,,dataset/not_handball/nhb_29_ FULL MATCH： England v Portugal ｜ 2006 FIFA World Cup_58c42cbb49_601c8adc948b_f00120750_negative_sample/frames,41,30.0,120750,,3
nhb_29_ FULL MATCH： England v Portugal ｜ 2006 FIFA World Cup_58c42cbb49_601c8adc948b_f00120900_negative_sample,primary,0,native,nhb_29_ FULL MATCH： England v Portugal ｜ 2006 FIFA World Cup_58c42cbb49.mp4,native::nhb_29_ FULL MATCH： England v Portugal ｜ 2006 FIFA World Cup_58c42cbb49.mp4,,dataset/not_handball/nhb_29_ FULL MATCH： England v Portugal ｜ 2006 FIFA World Cup_58c42cbb49_601c8adc948b_f00120900_negative_sample/frames,41,30.0,120900,,3
nhb_29_ FULL MATCH： England v Portugal ｜ 2006 FIFA World Cup_58c42cbb49_601c8adc948b_f00150000_negative_sample,primary,0,native,nhb_29_ FULL MATCH： England v Portugal ｜ 2006 FIFA World Cup_58c42cbb49.mp4,native::nhb_29_ FULL MATCH： England v Portugal ｜ 2006 FIFA World Cup_58c42cbb49.mp4,,dataset/not_handball/nhb_29_ FULL MATCH： England v Portugal ｜ 2006 FIFA World Cup_58c42cbb49_601c8adc948b_f00150000_negative_sample/frames,41,30.0,150000,,3
nhb_30_ FULL MATCH： Brazil v Korea Republic ｜ 2022 FIFA World Cup_657f18749d_668e1bdeea5d_f00009000_negative_sample,primary,0,native,nhb_30_ FULL MATCH： Brazil v Korea Republic ｜ 2022 FIFA World Cup_657f18749d.mp4,native::nhb_30_ FULL MATCH： Brazil v Korea Republic ｜ 2022 FIFA World Cup_657f18749d.mp4,,dataset/not_handball/nhb_30_ FULL MATCH： Brazil v Korea Republic ｜ 2022 FIFA World Cup_657f18749d_668e1bdeea5d_f00009000_negative_sample/frames,41,30.000001600990565,9000,,2
nhb_30_ FULL MATCH： Brazil v Korea Republic ｜ 2022 FIFA World Cup_657f18749d_668e1bdeea5d_f00009300_negative_sample,primary,0,native,nhb_30_ FULL MATCH： Brazil v Korea Republic ｜ 2022 FIFA World Cup_657f18749d.mp4,native::nhb_30_ FULL MATCH： Brazil v Korea Republic ｜ 2022 FIFA World Cup_657f18749d.mp4,,dataset/not_handball/nhb_30_ FULL MATCH： Brazil v Korea Republic ｜ 2022 FIFA World Cup_657f18749d_668e1bdeea5d_f00009300_negative_sample/frames,41,30.000001600990565,9300,,2
nhb_30_ FULL MATCH： Brazil v Korea Republic ｜ 2022 FIFA World Cup_657f18749d_668e1bdeea5d_f00045000_negative_sample,primary,0,native,nhb_30_ FULL MATCH： Brazil v Korea Republic ｜ 2022 FIFA World Cup_657f18749d.mp4,native::nhb_30_ FULL MATCH： Brazil v Korea Republic ｜ 2022 FIFA World Cup_657f18749d.mp4,,dataset/not_handball/nhb_30_ FULL MATCH： Brazil v Korea Republic ｜ 2022 FIFA World Cup_657f18749d_668e1bdeea5d_f00045000_negative_sample/frames,41,30.000001600990565,45000,,2
nhb_30_ FULL MATCH： Brazil v Korea Republic ｜ 2022 FIFA World Cup_657f18749d_668e1bdeea5d_f00045150_negative_sample,primary,0,native,nhb_30_ FULL MATCH： Brazil v Korea Republic ｜ 2022 FIFA World Cup_657f18749d.mp4,native::nhb_30_ FULL MATCH： Brazil v Korea Republic ｜ 2022 FIFA World Cup_657f18749d.mp4,,dataset/not_handball/nhb_30_ FULL MATCH： Brazil v Korea Republic ｜ 2022 FIFA World Cup_657f18749d_668e1bdeea5d_f00045150_negative_sample/frames,41,30.000001600990565,45150,,2
nhb_30_ FULL MATCH： Brazil v Korea Republic ｜ 2022 FIFA World Cup_657f18749d_668e1bdeea5d_f00045300_negative_sample,primary,0,native,nhb_30_ FULL MATCH： Brazil v Korea Republic ｜ 2022 FIFA World Cup_657f18749d.mp4,native::nhb_30_ FULL MATCH： Brazil v Korea Republic ｜ 2022 FIFA World Cup_657f18749d.mp4,,dataset/not_handball/nhb_30_ FULL MATCH： Brazil v Korea Republic ｜ 2022 FIFA World Cup_657f18749d_668e1bdeea5d_f00045300_negative_sample/frames,41,30.000001600990565,45300,,2
nhb_30_ FULL MATCH： Brazil v Korea Republic ｜ 2022 FIFA World Cup_657f18749d_668e1bdeea5d_f00045450_negative_sample,primary,0,native,nhb_30_ FULL MATCH： Brazil v Korea Republic ｜ 2022 FIFA World Cup_657f18749d.mp4,native::nhb_30_ FULL MATCH： Brazil v Korea Republic ｜ 2022 FIFA World Cup_657f18749d.mp4,,dataset/not_handball/nhb_30_ FULL MATCH： Brazil v Korea Republic ｜ 2022 FIFA World Cup_657f18749d_668e1bdeea5d_f00045450_negative_sample/frames,41,30.000001600990565,45450,,2
nhb_30_ FULL MATCH： Brazil v Korea Republic ｜ 2022 FIFA World Cup_657f18749d_668e1bdeea5d_f00045750_negative_sample,primary,0,native,nhb_30_ FULL MATCH： Brazil v Korea Republic ｜ 2022 FIFA World Cup_657f18749d.mp4,native::nhb_30_ FULL MATCH： Brazil v Korea Republic ｜ 2022 FIFA World Cup_657f18749d.mp4,,dataset/not_handball/nhb_30_ FULL MATCH： Brazil v Korea Republic ｜ 2022 FIFA World Cup_657f18749d_668e1bdeea5d_f00045750_negative_sample/frames,41,30.000001600990565,45750,,2
nhb_30_ FULL MATCH： Brazil v Korea Republic ｜ 2022 FIFA World Cup_657f18749d_668e1bdeea5d_f00090000_negative_sample,primary,0,native,nhb_30_ FULL MATCH： Brazil v Korea Republic ｜ 2022 FIFA World Cup_657f18749d.mp4,native::nhb_30_ FULL MATCH： Brazil v Korea Republic ｜ 2022 FIFA World Cup_657f18749d.mp4,,dataset/not_handball/nhb_30_ FULL MATCH： Brazil v Korea Republic ｜ 2022 FIFA World Cup_657f18749d_668e1bdeea5d_f00090000_negative_sample/frames,41,30.000001600990565,90000,,2
nhb_30_ FULL MATCH： Brazil v Korea Republic ｜ 2022 FIFA World Cup_657f18749d_668e1bdeea5d_f00090300_negative_sample,primary,0,native,nhb_30_ FULL MATCH： Brazil v Korea Republic ｜ 2022 FIFA World Cup_657f18749d.mp4,native::nhb_30_ FULL MATCH： Brazil v Korea Republic ｜ 2022 FIFA World Cup_657f18749d.mp4,,dataset/not_handball/nhb_30_ FULL MATCH： Brazil v Korea Republic ｜ 2022 FIFA World Cup_657f18749d_668e1bdeea5d_f00090300_negative_sample/frames,41,30.000001600990565,90300,,2
nhb_30_ FULL MATCH： Brazil v Korea Republic ｜ 2022 FIFA World Cup_657f18749d_668e1bdeea5d_f00090600_negative_sample,primary,0,native,nhb_30_ FULL MATCH： Brazil v Korea Republic ｜ 2022 FIFA World Cup_657f18749d.mp4,native::nhb_30_ FULL MATCH： Brazil v Korea Republic ｜ 2022 FIFA World Cup_657f18749d.mp4,,dataset/not_handball/nhb_30_ FULL MATCH： Brazil v Korea Republic ｜ 2022 FIFA World Cup_657f18749d_668e1bdeea5d_f00090600_negative_sample/frames,41,30.000001600990565,90600,,2
nhb_30_ FULL MATCH： Brazil v Korea Republic ｜ 2022 FIFA World Cup_657f18749d_668e1bdeea5d_f00126000_negative_sample,primary,0,native,nhb_30_ FULL MATCH： Brazil v Korea Republic ｜ 2022 FIFA World Cup_657f18749d.mp4,native::nhb_30_ FULL MATCH： Brazil v Korea Republic ｜ 2022 FIFA World Cup_657f18749d.mp4,,dataset/not_handball/nhb_30_ FULL MATCH： Brazil v Korea Republic ｜ 2022 FIFA World Cup_657f18749d_668e1bdeea5d_f00126000_negative_sample/frames,41,30.000001600990565,126000,,2
nhb_30_ FULL MATCH： Brazil v Korea Republic ｜ 2022 FIFA World Cup_657f18749d_668e1bdeea5d_f00126150_negative_sample,primary,0,native,nhb_30_ FULL MATCH： Brazil v Korea Republic ｜ 2022 FIFA World Cup_657f18749d.mp4,native::nhb_30_ FULL MATCH： Brazil v Korea Republic ｜ 2022 FIFA World Cup_657f18749d.mp4,,dataset/not_handball/nhb_30_ FULL MATCH： Brazil v Korea Republic ｜ 2022 FIFA World Cup_657f18749d_668e1bdeea5d_f00126150_negative_sample/frames,41,30.000001600990565,126150,,2
nhb_30_ FULL MATCH： Brazil v Korea Republic ｜ 2022 FIFA World Cup_657f18749d_668e1bdeea5d_f00126300_negative_sample,primary,0,native,nhb_30_ FULL MATCH： Brazil v Korea Republic ｜ 2022 FIFA World Cup_657f18749d.mp4,native::nhb_30_ FULL MATCH： Brazil v Korea Republic ｜ 2022 FIFA World Cup_657f18749d.mp4,,dataset/not_handball/nhb_30_ FULL MATCH： Brazil v Korea Republic ｜ 2022 FIFA World Cup_657f18749d_668e1bdeea5d_f00126300_negative_sample/frames,41,30.000001600990565,126300,,2
nhb_30_ FULL MATCH： Brazil v Korea Republic ｜ 2022 FIFA World Cup_657f18749d_668e1bdeea5d_f00126450_negative_sample,primary,0,native,nhb_30_ FULL MATCH： Brazil v Korea Republic ｜ 2022 FIFA World Cup_657f18749d.mp4,native::nhb_30_ FULL MATCH： Brazil v Korea Republic ｜ 2022 FIFA World Cup_657f18749d.mp4,,dataset/not_handball/nhb_30_ FULL MATCH： Brazil v Korea Republic ｜ 2022 FIFA World Cup_657f18749d_668e1bdeea5d_f00126450_negative_sample/frames,41,30.000001600990565,126450,,2
nhb_30_ FULL MATCH： Brazil v Korea Republic ｜ 2022 FIFA World Cup_657f18749d_668e1bdeea5d_f00126600_negative_sample,primary,0,native,nhb_30_ FULL MATCH： Brazil v Korea Republic ｜ 2022 FIFA World Cup_657f18749d.mp4,native::nhb_30_ FULL MATCH： Brazil v Korea Republic ｜ 2022 FIFA World Cup_657f18749d.mp4,,dataset/not_handball/nhb_30_ FULL MATCH： Brazil v Korea Republic ｜ 2022 FIFA World Cup_657f18749d_668e1bdeea5d_f00126600_negative_sample/frames,41,30.000001600990565,126600,,2
nhb_30_ FULL MATCH： Brazil v Korea Republic ｜ 2022 FIFA World Cup_657f18749d_668e1bdeea5d_f00126750_negative_sample,primary,0,native,nhb_30_ FULL MATCH： Brazil v Korea Republic ｜ 2022 FIFA World Cup_657f18749d.mp4,native::nhb_30_ FULL MATCH： Brazil v Korea Republic ｜ 2022 FIFA World Cup_657f18749d.mp4,,dataset/not_handball/nhb_30_ FULL MATCH： Brazil v Korea Republic ｜ 2022 FIFA World Cup_657f18749d_668e1bdeea5d_f00126750_negative_sample/frames,41,30.000001600990565,126750,,2
nhb_31_ FULL MATCH： Argentina v Mexico ｜ 2006 FIFA World Cup_d9cd1dc928_09b959ac42b3_f00000020_negative_sample,primary,0,native,nhb_31_ FULL MATCH： Argentina v Mexico ｜ 2006 FIFA World Cup_d9cd1dc928.mp4,native::nhb_31_ FULL MATCH： Argentina v Mexico ｜ 2006 FIFA World Cup_d9cd1dc928.mp4,,dataset/not_handball/nhb_31_ FULL MATCH： Argentina v Mexico ｜ 2006 FIFA World Cup_d9cd1dc928_09b959ac42b3_f00000020_negative_sample/frames,41,30.0,20,,4
nhb_32_ FULL MATCH ｜ Manchester City v Liverpool ｜ Quarter-Final ｜ Emirates FA Cup 2025-26_ca43d6cffb_a8d54d17c8e3_f00002500_negative_sample,primary,0,native,nhb_32_ FULL MATCH ｜ Manchester City v Liverpool ｜ Quarter-Final ｜ Emirates FA Cup 2025-26_ca43d6cffb.mp4,native::nhb_32_ FULL MATCH ｜ Manchester City v Liverpool ｜ Quarter-Final ｜ Emirates FA Cup 2025-26_ca43d6cffb.mp4,,dataset/not_handball/nhb_32_ FULL MATCH ｜ Manchester City v Liverpool ｜ Quarter-Final ｜ Emirates FA Cup 2025-26_ca43d6cffb_a8d54d17c8e3_f00002500_negative_sample/frames,41,25.0,2500,,0
nhb_32_ FULL MATCH ｜ Manchester City v Liverpool ｜ Quarter-Final ｜ Emirates FA Cup 2025-26_ca43d6cffb_a8d54d17c8e3_f00002625_negative_sample,primary,0,native,nhb_32_ FULL MATCH ｜ Manchester City v Liverpool ｜ Quarter-Final ｜ Emirates FA Cup 2025-26_ca43d6cffb.mp4,native::nhb_32_ FULL MATCH ｜ Manchester City v Liverpool ｜ Quarter-Final ｜ Emirates FA Cup 2025-26_ca43d6cffb.mp4,,dataset/not_handball/nhb_32_ FULL MATCH ｜ Manchester City v Liverpool ｜ Quarter-Final ｜ Emirates FA Cup 2025-26_ca43d6cffb_a8d54d17c8e3_f00002625_negative_sample/frames,41,25.0,2625,,0
nhb_32_ FULL MATCH ｜ Manchester City v Liverpool ｜ Quarter-Final ｜ Emirates FA Cup 2025-26_ca43d6cffb_a8d54d17c8e3_f00002750_negative_sample,primary,0,native,nhb_32_ FULL MATCH ｜ Manchester City v Liverpool ｜ Quarter-Final ｜ Emirates FA Cup 2025-26_ca43d6cffb.mp4,native::nhb_32_ FULL MATCH ｜ Manchester City v Liverpool ｜ Quarter-Final ｜ Emirates FA Cup 2025-26_ca43d6cffb.mp4,,dataset/not_handball/nhb_32_ FULL MATCH ｜ Manchester City v Liverpool ｜ Quarter-Final ｜ Emirates FA Cup 2025-26_ca43d6cffb_a8d54d17c8e3_f00002750_negative_sample/frames,41,25.0,2750,,0
nhb_32_ FULL MATCH ｜ Manchester City v Liverpool ｜ Quarter-Final ｜ Emirates FA Cup 2025-26_ca43d6cffb_a8d54d17c8e3_f00003125_negative_sample,primary,0,native,nhb_32_ FULL MATCH ｜ Manchester City v Liverpool ｜ Quarter-Final ｜ Emirates FA Cup 2025-26_ca43d6cffb.mp4,native::nhb_32_ FULL MATCH ｜ Manchester City v Liverpool ｜ Quarter-Final ｜ Emirates FA Cup 2025-26_ca43d6cffb.mp4,,dataset/not_handball/nhb_32_ FULL MATCH ｜ Manchester City v Liverpool ｜ Quarter-Final ｜ Emirates FA Cup 2025-26_ca43d6cffb_a8d54d17c8e3_f00003125_negative_sample/frames,41,25.0,3125,,0
nhb_32_ FULL MATCH ｜ Manchester City v Liverpool ｜ Quarter-Final ｜ Emirates FA Cup 2025-26_ca43d6cffb_a8d54d17c8e3_f00003250_negative_sample,primary,0,native,nhb_32_ FULL MATCH ｜ Manchester City v Liverpool ｜ Quarter-Final ｜ Emirates FA Cup 2025-26_ca43d6cffb.mp4,native::nhb_32_ FULL MATCH ｜ Manchester City v Liverpool ｜ Quarter-Final ｜ Emirates FA Cup 2025-26_ca43d6cffb.mp4,,dataset/not_handball/nhb_32_ FULL MATCH ｜ Manchester City v Liverpool ｜ Quarter-Final ｜ Emirates FA Cup 2025-26_ca43d6cffb_a8d54d17c8e3_f00003250_negative_sample/frames,41,25.0,3250,,0
nhb_32_ FULL MATCH ｜ Manchester City v Liverpool ｜ Quarter-Final ｜ Emirates FA Cup 2025-26_ca43d6cffb_a8d54d17c8e3_f00003375_negative_sample,primary,0,native,nhb_32_ FULL MATCH ｜ Manchester City v Liverpool ｜ Quarter-Final ｜ Emirates FA Cup 2025-26_ca43d6cffb.mp4,native::nhb_32_ FULL MATCH ｜ Manchester City v Liverpool ｜ Quarter-Final ｜ Emirates FA Cup 2025-26_ca43d6cffb.mp4,,dataset/not_handball/nhb_32_ FULL MATCH ｜ Manchester City v Liverpool ｜ Quarter-Final ｜ Emirates FA Cup 2025-26_ca43d6cffb_a8d54d17c8e3_f00003375_negative_sample/frames,41,25.0,3375,,0
nhb_32_ FULL MATCH ｜ Manchester City v Liverpool ｜ Quarter-Final ｜ Emirates FA Cup 2025-26_ca43d6cffb_a8d54d17c8e3_f00003500_negative_sample,primary,0,native,nhb_32_ FULL MATCH ｜ Manchester City v Liverpool ｜ Quarter-Final ｜ Emirates FA Cup 2025-26_ca43d6cffb.mp4,native::nhb_32_ FULL MATCH ｜ Manchester City v Liverpool ｜ Quarter-Final ｜ Emirates FA Cup 2025-26_ca43d6cffb.mp4,,dataset/not_handball/nhb_32_ FULL MATCH ｜ Manchester City v Liverpool ｜ Quarter-Final ｜ Emirates FA Cup 2025-26_ca43d6cffb_a8d54d17c8e3_f00003500_negative_sample/frames,41,25.0,3500,,0
nhb_32_ FULL MATCH ｜ Manchester City v Liverpool ｜ Quarter-Final ｜ Emirates FA Cup 2025-26_ca43d6cffb_a8d54d17c8e3_f00003625_negative_sample,primary,0,native,nhb_32_ FULL MATCH ｜ Manchester City v Liverpool ｜ Quarter-Final ｜ Emirates FA Cup 2025-26_ca43d6cffb.mp4,native::nhb_32_ FULL MATCH ｜ Manchester City v Liverpool ｜ Quarter-Final ｜ Emirates FA Cup 2025-26_ca43d6cffb.mp4,,dataset/not_handball/nhb_32_ FULL MATCH ｜ Manchester City v Liverpool ｜ Quarter-Final ｜ Emirates FA Cup 2025-26_ca43d6cffb_a8d54d17c8e3_f00003625_negative_sample/frames,41,25.0,3625,,0
nhb_32_ FULL MATCH ｜ Manchester City v Liverpool ｜ Quarter-Final ｜ Emirates FA Cup 2025-26_ca43d6cffb_a8d54d17c8e3_f00012500_negative_sample,primary,0,native,nhb_32_ FULL MATCH ｜ Manchester City v Liverpool ｜ Quarter-Final ｜ Emirates FA Cup 2025-26_ca43d6cffb.mp4,native::nhb_32_ FULL MATCH ｜ Manchester City v Liverpool ｜ Quarter-Final ｜ Emirates FA Cup 2025-26_ca43d6cffb.mp4,,dataset/not_handball/nhb_32_ FULL MATCH ｜ Manchester City v Liverpool ｜ Quarter-Final ｜ Emirates FA Cup 2025-26_ca43d6cffb_a8d54d17c8e3_f00012500_negative_sample/frames,41,25.0,12500,,0
nhb_32_ FULL MATCH ｜ Manchester City v Liverpool ｜ Quarter-Final ｜ Emirates FA Cup 2025-26_ca43d6cffb_a8d54d17c8e3_f00012625_negative_sample,primary,0,native,nhb_32_ FULL MATCH ｜ Manchester City v Liverpool ｜ Quarter-Final ｜ Emirates FA Cup 2025-26_ca43d6cffb.mp4,native::nhb_32_ FULL MATCH ｜ Manchester City v Liverpool ｜ Quarter-Final ｜ Emirates FA Cup 2025-26_ca43d6cffb.mp4,,dataset/not_handball/nhb_32_ FULL MATCH ｜ Manchester City v Liverpool ｜ Quarter-Final ｜ Emirates FA Cup 2025-26_ca43d6cffb_a8d54d17c8e3_f00012625_negative_sample/frames,41,25.0,12625,,0
nhb_32_ FULL MATCH ｜ Manchester City v Liverpool ｜ Quarter-Final ｜ Emirates FA Cup 2025-26_ca43d6cffb_a8d54d17c8e3_f00012750_negative_sample,primary,0,native,nhb_32_ FULL MATCH ｜ Manchester City v Liverpool ｜ Quarter-Final ｜ Emirates FA Cup 2025-26_ca43d6cffb.mp4,native::nhb_32_ FULL MATCH ｜ Manchester City v Liverpool ｜ Quarter-Final ｜ Emirates FA Cup 2025-26_ca43d6cffb.mp4,,dataset/not_handball/nhb_32_ FULL MATCH ｜ Manchester City v Liverpool ｜ Quarter-Final ｜ Emirates FA Cup 2025-26_ca43d6cffb_a8d54d17c8e3_f00012750_negative_sample/frames,41,25.0,12750,,0
nhb_32_ FULL MATCH ｜ Manchester City v Liverpool ｜ Quarter-Final ｜ Emirates FA Cup 2025-26_ca43d6cffb_a8d54d17c8e3_f00012875_negative_sample,primary,0,native,nhb_32_ FULL MATCH ｜ Manchester City v Liverpool ｜ Quarter-Final ｜ Emirates FA Cup 2025-26_ca43d6cffb.mp4,native::nhb_32_ FULL MATCH ｜ Manchester City v Liverpool ｜ Quarter-Final ｜ Emirates FA Cup 2025-26_ca43d6cffb.mp4,,dataset/not_handball/nhb_32_ FULL MATCH ｜ Manchester City v Liverpool ｜ Quarter-Final ｜ Emirates FA Cup 2025-26_ca43d6cffb_a8d54d17c8e3_f00012875_negative_sample/frames,41,25.0,12875,,0
nhb_32_ FULL MATCH ｜ Manchester City v Liverpool ｜ Quarter-Final ｜ Emirates FA Cup 2025-26_ca43d6cffb_a8d54d17c8e3_f00025000_negative_sample,primary,0,native,nhb_32_ FULL MATCH ｜ Manchester City v Liverpool ｜ Quarter-Final ｜ Emirates FA Cup 2025-26_ca43d6cffb.mp4,native::nhb_32_ FULL MATCH ｜ Manchester City v Liverpool ｜ Quarter-Final ｜ Emirates FA Cup 2025-26_ca43d6cffb.mp4,,dataset/not_handball/nhb_32_ FULL MATCH ｜ Manchester City v Liverpool ｜ Quarter-Final ｜ Emirates FA Cup 2025-26_ca43d6cffb_a8d54d17c8e3_f00025000_negative_sample/frames,41,25.0,25000,,0
nhb_32_ FULL MATCH ｜ Manchester City v Liverpool ｜ Quarter-Final ｜ Emirates FA Cup 2025-26_ca43d6cffb_a8d54d17c8e3_f00025250_negative_sample,primary,0,native,nhb_32_ FULL MATCH ｜ Manchester City v Liverpool ｜ Quarter-Final ｜ Emirates FA Cup 2025-26_ca43d6cffb.mp4,native::nhb_32_ FULL MATCH ｜ Manchester City v Liverpool ｜ Quarter-Final ｜ Emirates FA Cup 2025-26_ca43d6cffb.mp4,,dataset/not_handball/nhb_32_ FULL MATCH ｜ Manchester City v Liverpool ｜ Quarter-Final ｜ Emirates FA Cup 2025-26_ca43d6cffb_a8d54d17c8e3_f00025250_negative_sample/frames,41,25.0,25250,,0
nhb_32_ FULL MATCH ｜ Manchester City v Liverpool ｜ Quarter-Final ｜ Emirates FA Cup 2025-26_ca43d6cffb_a8d54d17c8e3_f00025375_negative_sample,primary,0,native,nhb_32_ FULL MATCH ｜ Manchester City v Liverpool ｜ Quarter-Final ｜ Emirates FA Cup 2025-26_ca43d6cffb.mp4,native::nhb_32_ FULL MATCH ｜ Manchester City v Liverpool ｜ Quarter-Final ｜ Emirates FA Cup 2025-26_ca43d6cffb.mp4,,dataset/not_handball/nhb_32_ FULL MATCH ｜ Manchester City v Liverpool ｜ Quarter-Final ｜ Emirates FA Cup 2025-26_ca43d6cffb_a8d54d17c8e3_f00025375_negative_sample/frames,41,25.0,25375,,0
nhb_32_ FULL MATCH ｜ Manchester City v Liverpool ｜ Quarter-Final ｜ Emirates FA Cup 2025-26_ca43d6cffb_a8d54d17c8e3_f00075000_negative_sample,primary,0,native,nhb_32_ FULL MATCH ｜ Manchester City v Liverpool ｜ Quarter-Final ｜ Emirates FA Cup 2025-26_ca43d6cffb.mp4,native::nhb_32_ FULL MATCH ｜ Manchester City v Liverpool ｜ Quarter-Final ｜ Emirates FA Cup 2025-26_ca43d6cffb.mp4,,dataset/not_handball/nhb_32_ FULL MATCH ｜ Manchester City v Liverpool ｜ Quarter-Final ｜ Emirates FA Cup 2025-26_ca43d6cffb_a8d54d17c8e3_f00075000_negative_sample/frames,41,25.0,75000,,0
nhb_32_ FULL MATCH ｜ Manchester City v Liverpool ｜ Quarter-Final ｜ Emirates FA Cup 2025-26_ca43d6cffb_a8d54d17c8e3_f00075125_negative_sample,primary,0,native,nhb_32_ FULL MATCH ｜ Manchester City v Liverpool ｜ Quarter-Final ｜ Emirates FA Cup 2025-26_ca43d6cffb.mp4,native::nhb_32_ FULL MATCH ｜ Manchester City v Liverpool ｜ Quarter-Final ｜ Emirates FA Cup 2025-26_ca43d6cffb.mp4,,dataset/not_handball/nhb_32_ FULL MATCH ｜ Manchester City v Liverpool ｜ Quarter-Final ｜ Emirates FA Cup 2025-26_ca43d6cffb_a8d54d17c8e3_f00075125_negative_sample/frames,41,25.0,75125,,0
nhb_32_ FULL MATCH ｜ Manchester City v Liverpool ｜ Quarter-Final ｜ Emirates FA Cup 2025-26_ca43d6cffb_a8d54d17c8e3_f00075250_negative_sample,primary,0,native,nhb_32_ FULL MATCH ｜ Manchester City v Liverpool ｜ Quarter-Final ｜ Emirates FA Cup 2025-26_ca43d6cffb.mp4,native::nhb_32_ FULL MATCH ｜ Manchester City v Liverpool ｜ Quarter-Final ｜ Emirates FA Cup 2025-26_ca43d6cffb.mp4,,dataset/not_handball/nhb_32_ FULL MATCH ｜ Manchester City v Liverpool ｜ Quarter-Final ｜ Emirates FA Cup 2025-26_ca43d6cffb_a8d54d17c8e3_f00075250_negative_sample/frames,41,25.0,75250,,0
nhb_32_ FULL MATCH ｜ Manchester City v Liverpool ｜ Quarter-Final ｜ Emirates FA Cup 2025-26_ca43d6cffb_a8d54d17c8e3_f00075625_negative_sample,primary,0,native,nhb_32_ FULL MATCH ｜ Manchester City v Liverpool ｜ Quarter-Final ｜ Emirates FA Cup 2025-26_ca43d6cffb.mp4,native::nhb_32_ FULL MATCH ｜ Manchester City v Liverpool ｜ Quarter-Final ｜ Emirates FA Cup 2025-26_ca43d6cffb.mp4,,dataset/not_handball/nhb_32_ FULL MATCH ｜ Manchester City v Liverpool ｜ Quarter-Final ｜ Emirates FA Cup 2025-26_ca43d6cffb_a8d54d17c8e3_f00075625_negative_sample/frames,41,25.0,75625,,0
nhb_32_ FULL MATCH ｜ Manchester City v Liverpool ｜ Quarter-Final ｜ Emirates FA Cup 2025-26_ca43d6cffb_a8d54d17c8e3_f00076000_negative_sample,primary,0,native,nhb_32_ FULL MATCH ｜ Manchester City v Liverpool ｜ Quarter-Final ｜ Emirates FA Cup 2025-26_ca43d6cffb.mp4,native::nhb_32_ FULL MATCH ｜ Manchester City v Liverpool ｜ Quarter-Final ｜ Emirates FA Cup 2025-26_ca43d6cffb.mp4,,dataset/not_handball/nhb_32_ FULL MATCH ｜ Manchester City v Liverpool ｜ Quarter-Final ｜ Emirates FA Cup 2025-26_ca43d6cffb_a8d54d17c8e3_f00076000_negative_sample/frames,41,25.0,76000,,0
nhb_32_ FULL MATCH ｜ Manchester City v Liverpool ｜ Quarter-Final ｜ Emirates FA Cup 2025-26_ca43d6cffb_a8d54d17c8e3_f00076125_negative_sample,primary,0,native,nhb_32_ FULL MATCH ｜ Manchester City v Liverpool ｜ Quarter-Final ｜ Emirates FA Cup 2025-26_ca43d6cffb.mp4,native::nhb_32_ FULL MATCH ｜ Manchester City v Liverpool ｜ Quarter-Final ｜ Emirates FA Cup 2025-26_ca43d6cffb.mp4,,dataset/not_handball/nhb_32_ FULL MATCH ｜ Manchester City v Liverpool ｜ Quarter-Final ｜ Emirates FA Cup 2025-26_ca43d6cffb_a8d54d17c8e3_f00076125_negative_sample/frames,41,25.0,76125,,0
nhb_32_ FULL MATCH ｜ Manchester City v Liverpool ｜ Quarter-Final ｜ Emirates FA Cup 2025-26_ca43d6cffb_a8d54d17c8e3_f00076250_negative_sample,primary,0,native,nhb_32_ FULL MATCH ｜ Manchester City v Liverpool ｜ Quarter-Final ｜ Emirates FA Cup 2025-26_ca43d6cffb.mp4,native::nhb_32_ FULL MATCH ｜ Manchester City v Liverpool ｜ Quarter-Final ｜ Emirates FA Cup 2025-26_ca43d6cffb.mp4,,dataset/not_handball/nhb_32_ FULL MATCH ｜ Manchester City v Liverpool ｜ Quarter-Final ｜ Emirates FA Cup 2025-26_ca43d6cffb_a8d54d17c8e3_f00076250_negative_sample/frames,41,25.0,76250,,0
nhb_32_ FULL MATCH ｜ Manchester City v Liverpool ｜ Quarter-Final ｜ Emirates FA Cup 2025-26_ca43d6cffb_a8d54d17c8e3_f00076375_negative_sample,primary,0,native,nhb_32_ FULL MATCH ｜ Manchester City v Liverpool ｜ Quarter-Final ｜ Emirates FA Cup 2025-26_ca43d6cffb.mp4,native::nhb_32_ FULL MATCH ｜ Manchester City v Liverpool ｜ Quarter-Final ｜ Emirates FA Cup 2025-26_ca43d6cffb.mp4,,dataset/not_handball/nhb_32_ FULL MATCH ｜ Manchester City v Liverpool ｜ Quarter-Final ｜ Emirates FA Cup 2025-26_ca43d6cffb_a8d54d17c8e3_f00076375_negative_sample/frames,41,25.0,76375,,0
videoplayback_fa226dde57_f6b270534a90_f00002420_negative_sample,primary,0,native,videoplayback_fa226dde57.mp4,native::videoplayback_fa226dde57.mp4,,dataset/not_handball/videoplayback_fa226dde57_f6b270534a90_f00002420_negative_sample/frames,41,29.97002997002997,2420,,4
videoplayback_fa226dde57_f6b270534a90_f00003020_negative_sample,primary,0,native,videoplayback_fa226dde57.mp4,native::videoplayback_fa226dde57.mp4,,dataset/not_handball/videoplayback_fa226dde57_f6b270534a90_f00003020_negative_sample/frames,41,29.97002997002997,3020,,4
videoplayback_fa226dde57_f6b270534a90_f00003170_negative_sample,primary,0,native,videoplayback_fa226dde57.mp4,native::videoplayback_fa226dde57.mp4,,dataset/not_handball/videoplayback_fa226dde57_f6b270534a90_f00003170_negative_sample/frames,41,29.97002997002997,3170,,4
videoplayback_fa226dde57_f6b270534a90_f00003470_negative_sample,primary,0,native,videoplayback_fa226dde57.mp4,native::videoplayback_fa226dde57.mp4,,dataset/not_handball/videoplayback_fa226dde57_f6b270534a90_f00003470_negative_sample/frames,41,29.97002997002997,3470,,4
videoplayback_fa226dde57_f6b270534a90_f00003620_negative_sample,primary,0,native,videoplayback_fa226dde57.mp4,native::videoplayback_fa226dde57.mp4,,dataset/not_handball/videoplayback_fa226dde57_f6b270534a90_f00003620_negative_sample/frames,41,29.97002997002997,3620,,4
videoplayback_fa226dde57_f6b270534a90_f00003770_negative_sample,primary,0,native,videoplayback_fa226dde57.mp4,native::videoplayback_fa226dde57.mp4,,dataset/not_handball/videoplayback_fa226dde57_f6b270534a90_f00003770_negative_sample/frames,41,29.97002997002997,3770,,4
videoplayback_fa226dde57_f6b270534a90_f00003920_negative_sample,primary,0,native,videoplayback_fa226dde57.mp4,native::videoplayback_fa226dde57.mp4,,dataset/not_handball/videoplayback_fa226dde57_f6b270534a90_f00003920_negative_sample/frames,41,29.97002997002997,3920,,4
videoplayback_fa226dde57_f6b270534a90_f00004070_negative_sample,primary,0,native,videoplayback_fa226dde57.mp4,native::videoplayback_fa226dde57.mp4,,dataset/not_handball/videoplayback_fa226dde57_f6b270534a90_f00004070_negative_sample/frames,41,29.97002997002997,4070,,4
videoplayback_fa226dde57_f6b270534a90_f00004220_negative_sample,primary,0,native,videoplayback_fa226dde57.mp4,native::videoplayback_fa226dde57.mp4,,dataset/not_handball/videoplayback_fa226dde57_f6b270534a90_f00004220_negative_sample/frames,41,29.97002997002997,4220,,4
videoplayback_fa226dde57_f6b270534a90_f00004370_negative_sample,primary,0,native,videoplayback_fa226dde57.mp4,native::videoplayback_fa226dde57.mp4,,dataset/not_handball/videoplayback_fa226dde57_f6b270534a90_f00004370_negative_sample/frames,41,29.97002997002997,4370,,4
videoplayback_fa226dde57_f6b270534a90_f00004520_negative_sample,primary,0,native,videoplayback_fa226dde57.mp4,native::videoplayback_fa226dde57.mp4,,dataset/not_handball/videoplayback_fa226dde57_f6b270534a90_f00004520_negative_sample/frames,41,29.97002997002997,4520,,4
videoplayback_fa226dde57_f6b270534a90_f00004820_negative_sample,primary,0,native,videoplayback_fa226dde57.mp4,native::videoplayback_fa226dde57.mp4,,dataset/not_handball/videoplayback_fa226dde57_f6b270534a90_f00004820_negative_sample/frames,41,29.97002997002997,4820,,4
videoplayback_fa226dde57_f6b270534a90_f00004970_negative_sample,primary,0,native,videoplayback_fa226dde57.mp4,native::videoplayback_fa226dde57.mp4,,dataset/not_handball/videoplayback_fa226dde57_f6b270534a90_f00004970_negative_sample/frames,41,29.97002997002997,4970,,4
videoplayback_fa226dde57_f6b270534a90_f00005120_negative_sample,primary,0,native,videoplayback_fa226dde57.mp4,native::videoplayback_fa226dde57.mp4,,dataset/not_handball/videoplayback_fa226dde57_f6b270534a90_f00005120_negative_sample/frames,41,29.97002997002997,5120,,4
